科目名,副題,事前・事後学習の内容,備考・関連URL,授業概要
プレ政治学演習 (吉野孝),,,,"　現代デモクラシーは，多くの観点から見直しを迫られている。日本では「55年体制」の崩壊以降，新しい政党政治の在り方が模索され,従来の政府・行政の在り方が再検討されている。民主党による政権交代は政党政治を再生させることなく，安倍長期政権の下で「忖度の政治」が出現した。また，日本経済の再生，財政再建，震災復興，原発再稼働問題，領土をめぐる中国・韓国とのあつれきなど，解決が求められる政策課題が依然として山積みされ，さらに新型コロナウィルス感染対策への対応が遅く，政府には批判が集中している。本演習の課題は，現代デモクラシーの政治過程についての理論と実際の研究をつうじて，現代デモクラシーの問題状況を把握しその解決策を展望することにある。　オンライン授業を実施する場合，本授業は全回リアルタイム配信型授業として実施する。　"
プレ政治学演習 (縣公一郎),公共政策研究,,http://www.waseda.jp/sem-agata01/index.html,今日の社会生活で、政府活動の影響はあらゆる分野に及んでおり、私たちは政府活動との関連なくして一刻も生活を営めない、と言って過言でないだろう。従って、社会的諸関係構築のための戦略、計画、プログラム、個々の意思決定、具体的活動としての公共政策を通じて、政府が、なぜ如何なる行為を如何にして社会にもたらしているのかという点は、現代社会において問うべき重要な課題だろう。　本演習は、かかる政府活動の分析で基礎となる手法の学修と、その応用を目指すものである。　３年次春学期は、公共政策関連の内外文献を用いた報告や他大学との合同ゼミに向けた共同研究で基礎学修を進めつつ、各人の個別テーマ確定に努める。　３年次秋学期以降は、設定された個別テーマに関する研究と報告を経て、最終的にゼミナール論文を作成する。各人が研究対象とする国ないし地域（例えば、首都圏、日本、ドイツ、EU等）と、採り上げる政策領域（例えば、情報通信、通商産業、学術教育、国土、医療、農業、環境、交通、都市、労働等）もしくは政府・行政機構を、ある程度明確に設定しておいて頂きたい。その際、国際的枠組（例えば、ドイツの情報通信政策ならEU、日本の通商産業政策ならばWTOや対米関係）を十分に意識してほしい。原則として３年と４年は別々の会合を持つが、相互に交流を図るため、火曜日Ⅳ限とⅤ限をゼミナールの共通時間として確保して頂きたい。　なお、ゼミナール選考に際して提出される研究計画書の最後の部分において、提出時点で設定された各人テーマに関して参照したい参考文献を、5冊明示されたい。
プレ政治学演習 (仲内英三),ヨーロッパの政治を歴史的に探究する,講義「西洋政治史」を受講した者なら、参考文献表のなかで基本文献にあたる文献を１つか２つ読んでおくとよいであろう。,,講義「西洋政治史」で配られた参考文献表のなかで、基本文献に分類された文献を参加者全員で読み進めていく。具体的な文献の選定は、参加者との相談で決めていく。
プレ政治学演習 (梅森直之),思想史研究への誘い,,,専門研究を推進するうえで必要な基本技術の確認とブラッシュアップを行う。・テクストの精読の技法・プレゼンテーションの技術・レポートの書き方・外国語によるコミュニケーションがその内容となる。
プレ政治学演習 (川岸令和),　日本国憲法の現在,"　プレ演習では、憲法学に関する基本的な文献の読解を通じて、憲法学習の基礎固めを目指す予定である。",　「憲法」を未履習のゼミ生は、３年次（2020年度は春学期に開講予定）に必ず履修すること。また、「比較憲法」も、日本国憲法の理解に必須な科目であるので、必ず履修すること。　,　日本国憲法は、敗戦という現実がもたらした新しい時代の新秩序を構成すべく制定された。その新秩序は、基本的人権・国民主権・平和主義の実現という構想を基軸にして展開されることとなった。これらの概念は日本史上根本的に新規なものである。またこの憲法は初めて広く討議に付され制定された。そのときから日本国民は自らの政治運営による正統性の探求という終わりなき旅を始めたのであった。約70年を経た現在、その約束は果たされているであろうか。　本演習は、新しい時代の新しい政治の科学として誕生した日本国憲法に関する判例・学説の現在の到達点を把握すること、そしてそのさらなる発展の可能性を問うことを目的とする。方法としては、法解釈学とそれを支える政治・思想・歴史的アプローチとを行きつ戻りつしながら進めていく。日本国憲法の可能性を問うことは、我々の過去を顧み、未来を構想することである。我々は集団としてどのような人間でありたいと考えているのであろうか。　憲法を勉強しようとする際には、感性が豊かで、人間や社会問題に幅広く関心を抱いていることが重要である。現時点での憲法に関する知識は問わない。温かい心と冷静に議論しようとする姿勢をもつ諸君の参加を希望する。　本プレ演習では、各自が指定の基礎文献の読解に努め、その成果を確認すべくリアルタイム配信型で3回程度集会する。
プレ政治学演習 (藤井浩司),　比較公共政策への接近,,「専門演習研究計画書」の提出期限は2022年2月1日23時59分、提出先は<nsdnr315@yahoo.co.jp>,20世紀後半期を通じて先進社会が共有してきた戦後コンセンサスの終焉が告げられている。21世紀になってさらに顕著になったこの〈揺らぎ〉は、既成の体制として構築された社会・経済・政治構造の抜本的な組み替えを迫っている。Restructuring. Realignmentなどといったフレーズで示される構造改革の課題は、特に政府／公共部門にとって「存立の危機」にかかわるほどにまで重くのしかかり、厳しく問い直されている。「モデルなき実験」、「羅針盤なき航海」ともいわれる課題への取り組みは、各国によってさまざまであり、再編の道程も定まっていない。自らの座標を定め、課題解決のためのオルタナティヴを探るうえで、各国の政策対応を整理・分析する意義はこれまで以上に大きいといえる。こうした問題関心から、各国における個別政策分野での政策対応の現状・課題・展望について検討していきたい。授業実施形態：フルオンデマンド（曜日時限なし）。
プレ政治学演習 (福田耕治),,,論文執筆に必要な資料・文献については個別に指導する。,ＥＵ国際公共政策をめぐる問題を中心に研究する。国連やＥＵなどの国際機構内部の行政管理，国際行政と国内行政との連携関係，国際公共政策過程などを研究対象とする。現在，国際行政理論の分析枠組，ＥＵ「超国家的」国際行政のガバナンスのあり方とその加盟国の統治機構との関係，国際制度やＥＵ国際公共政策の比較研究をテーマとしている。国際行政をめぐる諸問題を多面的に捉え，理論的かつ実証的に分析できるよう指導していきたい。
プレ政治学演習 (谷澤正嗣),現代政治理論への案内,,,政治学演習で現代政治理論を学ぶ準備として、政治理論についての入門的な書物を講読する。合わせて、レジュメ作成や論文執筆の技法を学ぶ。
プレ政治学演習 (眞柄秀子),,,,世界各国の比較政治経済分析を実際にスタートする前に必要な基礎的準備を行う。
プレ政治学演習 (河野勝),現代日本政治の諸問題,,,本プレゼミは、３年次から本格的にゼミ（政治学演習）に参加するまでの準備期間としてとらえ、この時期にしかできない知的なトレーニングの場と位置付ける。とりわけ「日本を考える」、「創造力・構成力を練る」、「分析力・表現力を養う」という3つのテーマにそって、参加する学生の関心や能力を高めていく。また、河野ゼミでは、年次を超えた縦の関係を大切にするので、この期間を通じてすこしずつ先輩たちとの交流を深める機会とする。
プレ政治学演習 (中村英俊),国際政治の理論と現実－英国学派を中心に,"プレ演習では、演習Ⅰテキストの翻訳（『国際紛争』）を中心に日本語の基礎文献をたくさん読んでもらう。そして、各自の研究テーマを考え始めてもらう。",関連科目： 国際関係論入門など国際関係領域の科目。特に、「国際機構論」および「地域統合論」は（できれば3年生までに）履修してください。学生に対する要望：切磋琢磨して学びあえる、厳しく楽しいゼミを創りたいと思います。積極的かつ主体的に参加してくれる人の応募を待っています。演習論文完成までゼミに関与し続ける意思および能力（実行力）の強さ・高さを選考基準として最優先します。留意事項： 冬クォーター中に昼休みの時間などを利用して全員で会います。また、試験期間終了直後の1月下旬と2月上旬にも全員で会う機会を設けます。1月下旬と2月上旬の時期には、ゼミ先輩たちの報告会（演習Ⅱのタームペーパーおよび演習IVの卒業論文の報告会）を設営するので、これにも参加してください。,　「グローバルなリベラル秩序」が流動化している。EU・ヨーロッパ統合（ブレグジットを含む）、アジアの地域統合、日米欧G7体制とG20サミット、国際連合（国連システム）、核拡散問題、気候変動問題、感染症拡大問題など国際関係・国際政治の事例について、その本質（「現実」）を研究（理解・説明・分析）する上で、私たちは一定の理論的枠組みを必要とする。　国際政治の理論研究は、第二次世界大戦後、アメリカの学界を舞台に発展してきたと言える。そこでは、リアリズムとリベラリズムの間のパラダイム論争が重要な位置を占めてきた。しかし、大西洋の反対側・英国（および他のヨーロッパ諸国）の国際政治学界では、アメリカの学問的流行とは一線を画した、独特な理論研究が積み重ねられてきた。「英国学派」（English School）と呼ばれる国際政治の見方（パラダイム）を学ぶことが、本演習の基本的目標である。　卒業論文執筆・提出へ至る約2年間の過程については、演習Ⅰのシラバスを参照すること。
プレ政治学演習 (田中孝彦),冷戦の歴史的・理論的基礎知識,下記教科書を熟読されたい。,とくになし。,　ブレゼミでは、下記に教科書としてあげた文献を読み、冷戦の歴史的・理論的基礎知識を習得する。　12月中旬までに文献を読み進めた上で、1月中旬までにエッセイを提出してもらう。プレゼミの成績は、そのエッセイの内容に基づいて評価する。　その上で、学期終了直後に、都内近郊で合宿(春合宿、一泊二日)を行い、読んだ文献にかかわる冷戦史の重要問題についてグループ討議をFollow upセッションとして行う。上級生有志も参加し交流を図るとともに、グループ討議のファシリテーターを担当する。
プレ政治学演習 (小原隆治),　政治・デモクラシー・自治を考える,　事前準備と実際のクラスでの討論に力を尽くすこと。討論を経たあとに残された課題の検討については、基本的に各人の努力に任される。,　開講中はアナウンスメント等の箇所を含め、ワセダムードルを丹念にチェックする。　関連URLは随時紹介する。,　参加者には、３年次演習から地方自治の個別具体的な問題を取り上げ、それを深く考察できるようにするために、政治とは／デモクラシーとは／自治とはなにかを根本から考え、ものごとをできるだけ広く遠く見通せる視点を身につけてもらいたい。そのため政治学の古典的なテキストをこつこつ輪読し、参加者全員で討議することを基本とするクラスとしたい。　参加者の既定の週間予定表を重ね合わせ、最大公約数的に割り出した曜日・時限にクラスを設定する。参加者はやむを得ない事情がない限りそこに出席し、担当箇所の報告などの役割を果たす。
プレ政治学演習 (日野愛郎),メディアと選挙の実証分析（Empirical Analyses of Media and Elections）,,プレゼミは火曜2限に行う予定です。ゼミの1年目は火曜日2・4限、2年目は火曜日4・5限を予定しています。1年目は4限に開講されている4年生ゼミにも参加してもらい、2年目は5限に開講されている大学院ゼミにも出席してもらいます。先輩の研究が出来上がっていく過程をリアルタイムで見ることは生きた教材になるはずです。また、3年次終了までに、「計量分析（政治）」と「政治テキスト分析」を履修することを、ゼミに参加する条件としています。通常のゼミや合宿への参加は必須です。欠席が多くなる方はご遠慮いただいています。ゼミ選考の際に課題があります。過去のゼミ生（1期～6期）の卒業論文の中から1つを選び、その論文を2000字前後で論評してください。論文集は下記URLから入手できます（https://goo.gl/xm88Mj）。課題は、学部指定の期日・時間までにメールアドレス（airo@waseda.jp）に提出してください。同じURLにゼミ生が作成したオリエンテーション資料も格納されています。留学を予定している学生や留学から帰国した学生にも学びの機会を作っていきたいと考えています。個別にご相談ください。定期的に外国からゲストを招聘し、最新の研究成果や手法について学ぶ機会を用意する予定です。This seminar is open to EDP students from AY2021. The working language of the seminar will be mainly Japanese but the instructor is prepared to accommodate students who are interested in learning empirical and comparative analyses of media and elections in general.,　このゼミはメディアと選挙に関心を共有する仲間とともに楽しく真剣に学問を追究するゼミです。「メディアと選挙の実証分析」の副題には2つの意味が込められています。1つはメディアをはじめとする「送り手」の分析、2つは「受け手」としての有権者の分析です。政治の現実を理解するためにはメディアや政党、政治家などの送り手のメッセージの分析と有権者などの受け手の分析をバランスよく行うことが必要となります。このゼミでは、メディアや政治的アクターのメッセージ（主にテキスト）を内容分析（content analysis）や様々な計量的なテキスト分析の手法を学びます。同時に、有権者や一般の人々がどのような態度を持ち、様々な情報に反応するかを世論調査（時に調査実験）やソーシャル・メディアの分析を通して明らかにします。このゼミが対象とする分野では、有権者の投票行動分析や政党の政策競争の分析をはじめとして多くの研究成果が蓄積されています。これまでの豊かな研究の蓄積を踏まえて、ゼミ生同士でアイディアを出し合いながら、新しい知見を産み出すことを目指しています。　上で掲げた目標を達成するために、ゼミの1年目は実証分析をするために必要となる様々なデータ収集・作成の手続きや分析手法を一緒に学んでいきます。過去の研究を再現（replicate）することから様々なデータ分析の手法を学び、共通のテーマについて話し合い、グループワークを通して実証分析の基礎を養います。1年目の後半から2年目にかけては、自らの関心に沿って、先行研究を読みながらプロポーザル（研究計画書）を練り、卒業論文の作成を進めます。テーマは、メディアと選挙を中心として政治・社会現象を実証的に研究するものであれば何でも構いません。皆さんは卒業すると「学士」になります。多くの人にとって人生で最初の「士」になると思います。最終的に質の高い卒業論文を書き遂げて名実ともに「学士」になることが2年間のゼミの目標になります。
プレ政治学演習 (笹田栄司),　,　,,２０２１年度は小塚壮一郎『AIの時代と法』（岩波新書、２０１９年）をテキストにして、同書について各自レポートを書き、そのレポートをもとにメンバーで議論する。授業は原則として対面を予定している。　
プレ政治学演習 (栗崎周平),国際政治の理論・実証研究のことはじめ,,担当教官である栗崎が米国テキサスでの前任校でも、同様の授業を行っておりました。その当時のデータ収集に関しての簡単な手引書を以下にURLにアップロードしておきます。参考にしてください。http://www.f.waseda.jp/kurizaki/d.da2010b.pdf,国際政治研究に限らず、社会科学の分野において理論研究をする、実証研究をするということはどういうことかを肌感覚で理解することを目標とします。そのために、栗崎研究室で実施されている研究プロジェクトの一部を手伝ってもらいます。その成果が十分であり、能力も認められる場合は、正式に研究補助者としてアルバイト雇用も希望者には適用できます。また、学術論文や学術書を短時間に読み込み要点を押さえる訓練を、基礎演習などで受けられなかった人には、そのテクニックと秘訣を学んでもらいます。
プレ政治学演習 (稲継裕昭),行政の諸活動を分析する,,,行政の諸活動は私たちの生活に知らず知らずのうちに大きな影響を与えている。ある行政活動は、どのような構造のもとに、どのようなアクターが、どのように行動することによって行われているのか。基礎的なことを学ぶとともに、いくつかの行政課題およびその解決策を特定し、なぜそのような行動がとられたのかその原因を考える。プレゼミでは、入門書を輪読するとともに、3年生、4年生の演習と時々合流して学習を進める。# 中央省庁や地方自治体の幹部や若手職員をゲストスピーカーとして招く場合があります。#中央省庁や地方自治体を訪れてヒアリングなどを行う場合があります。
プレ政治学演習 (稲村一隆),政治哲学・思想史,"あらかじめ指定された文献を読んで議論したい点を考えてくること。毎回、予習が必要になります。",,政治哲学は社会の規範的な原理について探究する学問です。特に自由主義と民主主義という現代社会の原理を考察することが中心になりますが、その様々なバリエーションを探求することになります。国際援助と分配の正義、フェミニズムと結婚、人権と動物の権利、国際秩序と正戦論といったトピックについて、現代社会で生じている問題を知ると同時に、そうした問題の背後にある考え方を知ることが主眼です。そこで具体的な事例から出発しつつも、概念的に考察することになります。本演習では、まずインプットが重要なので、政治哲学の基本文献を通して上記のトピックを学んでいきます。政治哲学・思想史分野では日常言語とは違って、難解なテクストを扱うことになるので、相応の訓練が必要になります。この点はさらに二つのタイプに分かれます。一つは西洋政治思想史の古典を解読します。どのテクストを扱うかは参加者の関心に応じて決めますが、以下のようなテクストを扱います。プラトン『国家』、アリストテレス『政治学』、ホッブズ『リヴァイアサン』、ロック『統治二論』、カント『永遠平和のために』、ミル『自由論』、アーレント『人間の条件』、ロールズ『正義論』など。もう一つは現代の専門的なジャーナルの論文を英語で読みます。論旨を正確に読み取る訓練をします。一人で読んで理解するのは難しくても、みなで議論しながら考察すると、学部生の間に十分に理解を深めることができるようになります。本演習の特色の一つは、論文執筆のスキルの習得を重要視することです。教員の英国での経験を生かして、政治哲学・思想史分野での論文の書き方を学習します。海外の大学では学部生の段階からオリジナリティのある議論を論理的に提示する論文執筆の訓練が日常的に行われています。本演習では当該分野での方法論を学習し、クリティカル・シンキングや論理学の教科書なども参照しながら、毎学期論文を書きます。自分や他人の見解に批判的になって、自分と異なる見解を持つ人も説得できるように、論理的な文章を書く訓練をします。
プレ政治学演習 (厚見恵一郎),西洋政治思想文献研究入門,指定された文献を読み、レポートを提出する。,,　政治学演習Iへの導入として、おもに西洋の政治思想(史)にかかわる文献講読と報告の演習を実施します。冬クォーター中に１～２回、ガイダンスおよび演習授業（報告と討論）の機会を設ける予定です。演習授業では、いくつかの候補文献（文庫・新書が中心です）の中から各自で選んだ書物についてレジュメを作成して論評してもらい、その後、全員で討論を実施します。
プレ政治学演習 (国吉知樹),現代日本外交の分析,受講生はゼミでの議論に積極的に参加するために、事前に必ず課題文献を読んで演習に臨むことが求められる。,この演習は教室にて対面で行う予定です。,本演習では現代日本の国際関係・外交について理論および歴史の両面から考察する。プレ演習では基礎文献の講読、ディスカッションを通じて、3年時に演習での研究活動を本格的に始めるために必要な国際関係論の基礎知識を習得する。
プレ政治学演習 (ソジエ内田恵美),政治言語学－ディスコース分析の理論と実践,,,グローバル化やメディアの発達により、現代社会において言語が果たす役割の重要性が高まっている。本講義では、政治エリートやメディアどがどのような言葉を使って社会的な現実を構築し、一定の社会的規範を常識化し、正当化しているかを分析し、考察するための理論と方法を学ぶ。講義の前半はテキストデータの内容分析(量的分析）を実践を通して学び、後半は言説分析(質的分析）を行う。また、3.4年生の研究発表会に参加することにより、各自が関心あるグループプロジェクトおよび卒論テーマについて考える。
プレ政治学演習 (都丸潤子),ヒトの国際移動の文化的・歴史的分析,"ゼミ応募の前提とはいたしませんが、できるだけ国際社会関係論を履習してください（２年次に履修していなければ、ゼミ初年次終了までに）。",本プレゼミは、「プレ政治学演習」として開講しています。学科によって前提科目が変わりますのでご注意ください。内容的には一昨年度までと同一です。国際政治経済学科、経済学科の学生諸氏も歓迎します。本ゼミでは、積み上げ式の演習と論文指導を行い、上級生・下級生を含めたゼミメンバー同士の切磋琢磨を重視しますので、留学からの復学者、留学予定者を含めて、（プレゼミを除き）少なくとも３学期以上在籍していただきたく、そのような方を歓迎します。留学計画がある場合には、各自の履修計画が履修／単位取得条件を満たすかどうかを事前に事務所で確認の上、応募時にわかる範囲で、あるいは留学決定後すみやかに、その旨教員まで申し出てください。留学をまたいでの履修計画等については、履修・登録方法について事務所でも手続きを確認のうえ、早めに教員に相談してください。ゼミ初年次終了までにできるだけ国際社会関係論を履習してください。左の科目に加え、国際関係論入門もすでに履習していることが望まれます。主体的に研究を進める熱意を持ち、仲間を大切にし、建設的な議論のできる学生のみなさんを歓迎します。したがって、当然ながら継続的なゼミ、合宿への出席と議論への参加を重視します。学部で卒業し実務をとおした社会貢献を考える学生諸氏はもちろんのこと、国内外の大学院進学希望者も大いに歓迎し、その目標にあわせた指導を行います。,（現状では、小課題の自習（後日Zoomで報告会）とZoomでのオンライン集中プレゼミの組み合わせを通して実施する予定です）４月からの本演習Ｉ～IVでは、多様な主体によって重層的に構成されている国際社会において、トランスナショナルな現象の代表例である人間およびその集団の移動が、どのような原因で生じ、いかなる過程を経て、どのような結果をもたらすかを社会科学的に分析し、理解を深めることを目的とする。分析にあたっては、理論にとどま ることなく特に実証分析を重視し、政治的・経済的側面だけでなく、文化的・社会的・心理的な側面からの検討を行う。具体的には、移民・難民・ディアスポラ・出稼ぎ・派遣・留学・国際交流・兵士・人身取引などさまざまな形のヒトの国際移動に伴って生じる文化の接触と変容、移動者のアイデンティティの変容と 権利・安全をめぐる問題、送出国・経由国・ホスト国や国際組織の関与、移動者と移動元・移動先の社会との関係や多文化共存のあり方などを研究対象とする。 また、ヒトの国際移動の歴史は古く、特にナショナル・ヒストリーとグローバル・ヒストリーをつなぐ現象とされる植民地化と脱植民地化の過程で起こった社会・文化変容やヒトの移動の影響は、現在にも広くみられる。従って、このような事例に関する歴史的分析も重視したい。さらに、現在私たちが直面しているグローバル・イシューとしてのコロナ禍と人の国際移動の関係についても分析を試みる。これらの視点は、人間集団のなかでも、一般市民、マイノリティ、弱者の立場から国際社会の現象を捉えなおすことにもつながる。参加者と一緒に、より人の顔のみえる国際関係像をさぐってゆきたい。本演習開始前の秋学期に開講されるプレ演習では、顔合わせと小課題への取り組みに加えて、上級生のゼミ論中間報告を聞いて議論に参加することを通してこの分野の各種のテーマやアプローチに触れる機会を設ける。
プレ政治学演習 (尾野嘉邦),選挙と投票行動,教科書と参考文献を事前に読んでくるとともに、演習時間外に実験課題などに取り組むことが求められる,,投票行動に焦点を当てた政治行動論の演習です。人間はいろいろな場面で選択を迫られますが、選挙における投票という行為も選択の一つです。選択を迫られたとき、人はどのように決めるのだろうか、選択を左右するものは何だろうか、より良い選択をするにはどうしたらよいだろうか。フェイクニュースやデジタルテクノロジーなどによって、人々の自発的選択が無意識のうちに誘導されてしまうことはないのだろうか。選挙で当選を目指す候補者ならば、どう行動したらよいのだろうか。選挙という場面に焦点を当てて、選挙における人々の選択（投票行動）と民主主義の行方について、心理学や行動経済学などの知見も参考にしながら考える演習です。無意識的な判断をあぶりだす、簡単な実験などにも取り組んでもらいます。
政治学演習 I (吉野孝),現代デモクラシーの政治過程,,," 現代デモクラシーは，多くの観点から見直しを迫られている。日本では「55年体制」の崩壊以降，新しい政党政治の在り方が模索され,従来の政府・行政の在り方が再検討されている。たとえば民主党による政権交代は政党政治を再生させることなく，安倍長期政権の下で「忖度の政治」が出現した。また，日本経済の再生，財政再建，震災復興，原発再稼働問題，領土をめぐる中国・韓国とのあつれき，LGBTなど，解決が求められる政策課題が依然として山積みされ，さらに新型コロナウィルス感染対策への対応が遅れた結果，政府には大きな批判が集中した。本演習の課題は，現代デモクラシーの政治過程についての理論と実際の研究をつうじて，現代デモクラシーの問題状況を把握しその解決策を展望することにある。　オンライン授業を実施する場合，本授業は全回リアルタイム配信型授業として実施する。"
政治学演習 I (縣公一郎),公共政策研究,,,今日の社会生活で、政府活動の影響はあらゆる分野に及んでおり、私たちは政府活動との関連なくして一刻も生活を営めない、と言って過言でないだろう。従って、社会的諸関係構築のための戦略、計画、プログラム、個々の意思決定、具体的活動としての公共政策を通じて、政府が、なぜ如何なる行為を如何にして社会にもたらしているのかという点は、現代社会において問うべき重要な課題だろう。　本演習は、かかる政府活動の分析で基礎となる手法の学修と、その応用を目指すものである。　３年次春学期は、公共政策関連の内外文献を用いた報告や他大学との合同ゼミに向けた共同研究で基礎学修を進めつつ、各人の個別テーマ確定に努める。　３年次秋学期以降は、設定された個別テーマに関する研究と報告を経て、最終的にゼミナール論文を作成する。各人が研究対象とする国ないし地域（例えば、首都圏、日本、ドイツ、EU等）と、採り上げる政策領域（例えば、情報通信、通商産業、学術教育、国土、医療、農業、環境、交通、都市、労働等）もしくは政府・行政機構を、ある程度明確に設定しておいて頂きたい。その際、国際的枠組（例えば、ドイツの情報通信政策ならEU、日本の通商産業政策ならばWTOや対米関係）を十分に意識してほしい。原則として３年と４年は別々の会合を持つが、相互に交流を図るため、火曜日Ⅳ限とⅤ限をゼミナールの共通時間として確保して頂きたい。　なお、ゼミナール選考に際して提出される研究計画書の最後の部分において、提出時点で設定された各人テーマに関して今後参照したい参考文献を、5冊明示されたい。　また、プレ演習では、Course N@vi上にて、ゼミナール論文構想構築に向けて、レポートの提出を求めたい。詳細は、適時お知らせする。
政治学演習 I (仲内英三),　近代西欧政治社会の歴史　,,本年度の授業はWaseda Moodleのcollaborate を使って、オンライン授業を行います。,　本年度は、19世紀後半から20世紀中葉にかけての英国とドイツの政治について、とくに政党の活動を中心に検討していきたい。同じくヨーロッパに属する英国とドイツではあるが、両地域における政党の発展は、歴史的・社会的・思想的なさまざまな要因から異なる発展を遂げてきた。それは当時の両地域の政治社会の違いを知るうえで重要であるばかりでなく、現在のヨーロッパの政治を考えるうえでも非常に示唆に富むものである。 なお「プレ演習」として、ヨーロッパ政治の歴史に関する基本的な文献をいくつか読んでいきたい。どのような文献を読んでいくかについては、春学期に行った講義「西洋政治史」で配った参考文献表のなかの、もっともやさしい基本文献のなかから、学生諸君の要望などを聴きながら選んでいきたいと考えている。
政治学演習 I (梅森直之),近代日本の政治思想,,これまでの基礎知識は問いませんが、これからの学習に対する強い意欲と好奇心ならびに知的柔軟性と持久力が必要です。無断欠席３回以上で、評価の対象から外します。日本の事例を、外国に向けて発信したり、日本以外の国の人々と積極的に議論する意欲と能力を持つ学生を評価します。,本ゼミは、思想史的方法に基づき、近代日本の歴史を考察の対象とする。思想史的方法とは、もっぱら「因果関係」の解明により、現象の「説明」をめざす実証主義的方法とは異なり、「解釈」という手法を通じて対象の「理解」を目的とするアプローチである。本ゼミでは、近代日本の歴史について学ぶとともに、そうした歴史を「解釈」し「理解」するための理論（その多くは今日「社会理論」という名で総称されている）についても積極的に取り上げていく。われわれが現在暮らしている日本は、いったいいかなる来歴をへて、現在あるようなかたちになったのか。そしてそこにはどのような特徴があり、どのような問題があるのか。本ゼミナールでは、グローバルな歴史との連動を意識しながら、現代の日本を理解するうえで重要な政治思想の系譜を概観する。明治維新、自由民権運動、日清・日露戦争、台湾と朝鮮の植民地化、第一次世界大戦、満州事変と日中戦争、太平洋戦争の開始と敗戦、高度経済成長と安保闘争、グローバリゼーションと格差社会、これらは、資本主義とナショナリズムの変動を示す指標であり、またある場合にはその原因ともなった事件であった。日本の知識人たちは、こうした事件とともに、次第に顕在化する、階級やジェンダー、都市と農村、植民地と本国のあいだの矛盾や対立を問題化しつつ、そうした矛盾や対立を解決する方策を模索してきた。本ゼミナールでは、そうした矛盾や対立が、人びとにどのように経験され、そしてそこからどのような思想が生み出されたかを、明治維新から現代にいたるまでの代表的な日本の知識人のテクストをともに読み、議論することで、検証してゆく。
政治学演習 I (川岸令和),　日本国憲法の現在,"　プレ演習では、憲法学に関する基本的な文献の読解を通じて、憲法学習の基礎固めを目指す予定である。",　「憲法」を未履習のゼミ生は、３年次に必ず履修すること。また、「比較憲法」も、日本国憲法を理解する上で必須な科目であるので、必ず履修すること。　,　日本国憲法は、敗戦という現実がもたらした新しい時代の新秩序を構成すべく制定された。その新秩序は、基本的人権・国民主権・平和主義の実現という構想を基軸にして展開されることとなった。これらの概念は日本史上根本的に新規なものである。またこの憲法は初めて広く討議に付され制定された。そのときから日本国民は自らの政治運営による正統性の探求という終わりなき旅を始めたのであった。約75年の歳月を経た現在、その約束は果たされているであろうか。　本演習は、新しい時代の新しい政治の科学として誕生した日本国憲法に関する判例・学説の現在の到達点を把握すること、そしてそのさらなる発展の可能性を問うことを目的とする。方法としては、法解釈学とそれを支える政治・思想・歴史的アプローチとを行きつ戻りつしながら進めていく。政治経済学部の伝統である比較憲法の手法も重視する。日本国憲法の可能性を問うことは、我々の過去を顧み、未来を構想することである。我々は集団としてどのような人間でありたいと考えているのであろうか。　憲法を勉強しようとする際には、感性が豊かで、人間や社会問題に幅広く関心を抱いていることが重要である。現時点での憲法に関する知識は問わない。温かい心と冷静に議論しようとする姿勢をもつ諸君の参加を希望する。
政治学演習 I (藤井浩司),　比較公共政策への接近,,　ゼミナールは、３・４年合同で２時限連続で行います。フルタイム参加するのがゼミ加入の前提条件です。また、合宿（夏）、コンパ（随時）など課外活動への参加は、ゼミ参加の基本的な条件です（今学期はコロナ禍対応により飲食を伴う会合は原則として実施しません）。　授業実施形態：ハイブリッド（対面／オンライン併用）。,20世紀後半期を通じて先進社会が共有してきた戦後コンセンサスの終焉が告げられている。21世紀になってさらに顕著になったこの〈揺らぎ〉は、既成の体制として構築された社会・経済・政治構造の抜本的な組み替えを迫っている。Restructuring. Realignmentなどといったフレーズで示される構造改革の課題は、特に政府／公共部門にとって「存立の危機」にかかわるほどにまで重くのしかかり、厳しく問い直されている。「モデルなき実験」、「羅針盤なき航海」ともいわれる課題への取り組みは、各国によってさまざまであり、再編の道程も定まっていない。自らの座標を定め、課題解決のためのオルタナティヴを探るうえで、各国の政策対応を整理・分析する意義はこれまで以上に大きいといえる。こうした問題関心から、各国における個別政策分野での政策対応の現状・課題・展望について検討していきたい。　今学期授業はオンライン授業形式でzoomミーティングを活用した授業を実施します。受講生には事前にzoomミーティングの招待状を送ります。
政治学演習 I (福田耕治),　国際行政と国際公共政策－EUとUNを中心として－,,　時事通信社『世界週報』2004年11月30日号に、本ゼミの紹介が掲載されている。,　グローバル化に伴い、国民国家の枠を超えて行政の活動領域も拡大する傾向にある。本演習では、このような国際行政現象に注目し、国際機構内部の行政管理、国際行政と国内行政の関係、国際公共政策の管理や国境を越える政府間関係とINGOとの関係などの諸問題を扱う。国連やEU、その他の国際機構行政を事例として、国家行政との関係で、いかにして環境、開発、安全保障、人権・人道、難民保護などの国際公共政策を形成し、実施していくのかについて討論し、基礎概念の理解を深める。
政治学演習 I (谷澤正嗣),現代リベラリズムとその批判,,,政治を語る際に用いられる重要な概念について分析しつつ、「権力とはどんな力か」「自由と平等を両立させる政治体制は可能か」「正義と不正義を判別する原理は何か」といった問題を扱うのが政治理論である。政治理論の研究は古典古代にさかのぼる歴史的次元と、きわめて抽象的な哲学的次元を有するが、本演習では現代の哲学的研究に焦点を合わせる。こうした研究の多くが参照の枠組としているのが、「リベラル・デモクラシー」と称される現代の政治体制である。リベラル・デモクラシーに含まれる価値や規範を肯定し正当化する志向を強くもつ政治理論を「現代リベラリズム」と呼ぼう。他方、それらの価値や規範に対する批判に重きをおく政治理論を「現代リベラリズム批判」と呼ぼう。本演習では、現代リベラリズムとそれを批判するさまざまな潮流のあいだの対話を追いながら、現代リベラリズムがどのように洗練されてきたか、それにもかかわらず存在している問題点は何かを明らかにする。
政治学演習 I (眞柄秀子),新福祉・成長ミックスの比較研究,このゼミでは、社会的投資を検討しますが、現在の日本と世界の危機は、歴史的に重大なものになりつつあります。政治学を勉強する者にとっても、無視することはできないでしょう。そこで、このゼミでは、まず、政治学で危機をどのように捉えるのかについて、検討することから始めたいと思います。,福祉政策や成長モデルをめぐる比較政治学の主要理論を学び、仮説を立て、それを実証するというスタイルで勉強したい人向き。特定のテーマや地域・国に関心を持ち、その最新の展開をフォローするよう心がけてほしい。大学院進学希望者や、ゼミで習得した知識や国際性を仕事に活かしたい人が本格的に研究し多くを学べるゼミにしたい。,2021年度は、現在の新しい危機のインパクトを射程にいれつつ、ヨーロッパにおいて広く共有されている社会的投資という概念に焦点を当て、21世紀の新福祉政策と成長戦略のあり方を、民主主義の質という観点を重視しながら検討したい。社会的投資戦略とは、現在の諸問題に対応しつつ、将来の帰結を想定し、女性や子供などポテンシャルが特に大きなセクターを人的資本形成のターゲットとして積極的に政策を展開してゆく戦略である。具体的には、教育政策、保育支援政策、積極的労働市場政策などが最も重要な政策分野であると考えられている。顧みれば、1980年代以降、先進諸国における経済的不平等が拡大し、さらに最近は各国の財政悪化を背景とした緊縮政策が支配的となっている。各国選挙では、人々は予想外の劇的展開を目の当たりにしている。このような環境で、人々の能力を高め、新しい知識基盤経済へのシフトを推進するとともに、これまでの社会政策で重視されてきた平等の追求や貧困の軽減をも目指す社会的投資戦略は、果たしてケインズ主義と新自由主義を超えた新しいパラダイムになることができるのだろうか。アプローチのとり方は自由。社会学的、歴史学的、経済学的アプローチのどれを使ってもよい。ただし、比較政治学および比較政治経済学の基礎的知識を有しており、福祉政策や成長戦略に関する学術的な問題意識を持っていることが選考において特に重要となる。また、選考の際には、英語およびスペイン語、フランス語、イタリア語、ドイツ語等の外国語の勉強の成果が出ておりグローバルな視点を持っている人が有利となる。社会的投資国家の分析では、先進諸国にアクセントが置かれるが、アジア、ラテンアメリカなどの新興国の研究も歓迎する。各自がそれぞれの分析対象国に関する緻密な研究を行うと同時に、他のゼミ生の研究発表を通じて世界中の政治の現在を知り、各国が共通して直面している問題の解決の道を模索する。　
政治学演習 I (河野勝),　現代日本政治の諸問題,,　学生に対する要望：人生に対して真剣であること。自分を大切にし、他人を尊重すること。心身ともに健康であること。　関連URL：http://kohno-seminar.net/,　日本の政治を政治学的に考察する。往々にして、現代の日本政治を語る語り口は、評論的でジャーナリスティックになりがちになるが、本演習では理論やモデルをふまえて、政治学的分析の題材として日本政治の諸相をとらえることを心がける。　実際にどのような問題を扱うかは、参加する学生諸君の関心にゆだねる。選挙、政党政治から公共政策、防衛・外交に至るまで、広くかたよりのないトピックを数多く扱えることが理想であるが、教官がプレゼンテーションの内容を押しつけることはしない。しかし、その代わり、自分の関心のある領域について知識を深めようとするのであるから、教官以上に専門的な情報を提供できるよう、熱心な取り組みが期待される。　なお、政治学的に考えるということは政治的に考えるということと全く異なる知的営為である。ひとりよがりのイデオロギーや特定の規範的価値を前面に押し出すのではなく、価値判断をするための経験的知識や考察を積み重ねることが目的であるとの前提で、演習へ参加してもらう。
政治学演習 I (中村英俊),国際政治の理論と現実－英国学派を中心に,"演習Ⅰに先立つ「プレ演習」では、演習Ⅰテキストの翻訳（『国際紛争』）を中心に日本語の基礎文献を読み込んでもらう。",関連科目： 国際関係論入門など国際関係領域の科目。特に、「国際機構論」および「地域統合論」は（必ず）履修してください。学生に対する要望： 切磋琢磨して学びあえる、厳しく楽しいゼミを創りたいと思います。積極的かつ主体的に参加してくれる人の応募を待っています。演習論文完成までゼミに関与し続ける意思および能力（実行力）の強さ・高さを選考基準として最優先します。留意事項： 毎週木曜５時限のゼミ（演習ⅠとⅡ）は時間を延長して（６時限も）ジックリと議論を深めます。夏季休業中のゼミ合宿あるいは集中ゼミ（8月初旬を予定）へも参加してください。学期中の土曜日などに集中講義形式で「補講」を実施することもあります。,　「グローバルなリベラル秩序」が流動化している。EU・ヨーロッパ統合（ブレグジットを含む）、アジアの地域統合、日米欧G7体制とG20サミット、国際連合（国連システム）、核拡散問題、気候変動問題、感染症拡大問題など国際関係・国際政治の事例について、その本質（「現実」）を研究（理解・説明・分析）する上で、私たちは一定の理論的枠組みを必要とする。　国際政治の理論研究は、第二次世界大戦後、アメリカの学界を舞台に発展してきたと言える。そこでは、リアリズムとリベラリズムの間のパラダイム論争が重要な位置を占めてきた。しかし、大西洋の反対側・英国（および他のヨーロッパ諸国）の国際政治学界では、アメリカの学問的流行とは一線を画した、独特な理論研究が積み重ねられてきた。「英国学派」（English School）と呼ばれる国際政治の見方（パラダイム）を学ぶことが、本演習の基本的目標である。　本演習は、プレ演習後にⅠからⅣまでを（2年余りにわたり）連続履修する典型例では、次のような段階で展開する。まず第１段階（プレ演習と演習Ⅰ）では、邦語・邦訳文献を中心にした輪読を通して、主にアメリカ国際政治学界で展開してきたリアリズムとリベラリズムの論争について概観したい。つぎの第２段階（演習Ⅰと演習Ⅱ）では、「英国学派」の国際政治理論についても基礎知識を身に付けた後、より専門的な英語文献に取り組みたい。具体的には、International Affairs、International Security、International Organization、International Studies Quarterly、European Journal of International Relations、Journal of Common Market Studies、Journal of European Public Policyなどの学術誌から各自が関心を寄せるテーマの論文を選び、報告・輪読の作業を重ねる。この段階で、各自が研究テーマを絞り込む作業を始めることになる。この段階で、各自の事例研究に必要な方法論（研究手法）の習得も始めることが求められる。最後に第３段階（演習ⅡからⅣ）では、それまでの理論研究の成果を踏まえて、（一次資料などのデータ収集を続けながら）各自が事例研究のテーマを決定する。そして最終的に、理論研究と事例研究が上手く融合する卒業論文（ゼミナール論文）を完成してもらう。
政治学演習 I (田中孝彦),冷戦期国際政治の歴史的変容と現在の世界政治,"【事前学習】　",【授業形態についての重要事項】　新型コロナの感染拡大状況などに鑑み、オンラインによるリアルタイム授業となる可能性があります。授業の形態については、新年度早々に各ゼミ生に連絡いたします。【教員情報】　どういうわけか、変に詳しいWikipediaの紹介があります。(https://ja.wikipedia.org/wiki/田中孝彦) 学歴や主要研究業績については、そちらをご覧ください。LSEでのPh.D論文など英語での研究業績もいろいろとありますが、Wikiには載っていません。国際的な活動が皆無な訳ではありませんので、その点ご了解のほど。【その他】　英語文献をかなり大量に読んでもらいます。それゆえ、英文読解に自信の無い人には、ハードルが高いかも知れませんが、あきらめずに続ければ、かならず上達します。ガッツをもって果敢に挑戦する方に期待します。　史料などが掲載されているwebsiteのURLは、授業第1回目のOrientation時により詳しいシラバスを配りますので、それを参照してもらいます。,【問題意識】 1980年代末から90年代初頭にかけて終焉を迎えた冷戦の後、今日までの国際政治のあり方とその秩序は、依然として不透明な部分が多く、現代の世界秩序の姿は、まだ明確に見えてこない。この授業では、冷戦期の国際政治が、どのような変化を見せて、今日の国際政治の様々な条件を形成してきたのかについて、冷戦期国際政治の歴史的変化を大きく俯瞰することによって考察する。その際、冷戦期を国際政治の長期的な変動過程の中に据え、その変動の重要な過渡期として捉える視点から、議論を試みる。【授業の方式】<討論中心の授業>毎回の授業は、テキストの指定された章や指定された論文を各自が読んできて、討論を行う。その際、毎週２名の報告担当者(Commentators)が論点を提示し、それをたたき台として討論を行う。報告担当者は、(1) 議論するべき論点　(2) テキストに対する批判、をあわせて３つ以上提示しなければならない。(1) については、なぜその論点(疑問点)が重要なのかについて説明が施されなければならない。(2)については、論理的および実証的に批判が展開されなければならない。報告担当者に加えて、討論者( Discussants)を2名置く。Discussantは、Commentatorの報告に対してその場で簡潔なレスポンスを行う。<ゼミ生全員による要約の提出>ゼミ生全員が、毎回指定された文献についてA4で2枚程度のサマリーを作って、提出することが求められる。サマリーはゼミ開始前までにCourseN@viの所定の場所に提出される。<グループ討議>特に重要な事件や問題については、学期中に2～3回、3つ程度のグループによる討議を行い、プレゼンテーションを行う形式を通じて、国際政治について考える訓練を行う。最優秀グループは表彰する。<利用する文献>授業で利用するテキストは、下記の「教科書」と「参考文献」の欄を参照のこと。各回で利用する予定の文献は、授業計画の各回に詳述してある。【その他】新型コロナの影響で、2020年度は実施できなかったが、例年夏と春に合宿を行うことにしている。夏は軽井沢セミナーハウスで行い、学問のみならずスポーツなどのレクリエーションも行う。今まではソフトボールをやってきたが、そろそろラグビーでもと考えている。考えているだけ、ですけど。。。
政治学演習 I (小原隆治),　自治・分権を考える,　事前準備と実際のクラスでの討論に力を尽くすこと。討論を経たあとに残された課題の検討については、基本的に各人の努力に任される。,　開講中はアナウンスメント等の箇所を含め、ワセダムードルを丹念にチェックする。　関連URL：随時紹介する。,　自治・分権をめぐるさまざまな問題を多面的な角度から考察する。政治学演習I（春学期）は、参加者がいくつかのテキストを輪読形式で読み進める。今年度は、まず最初に担当教員が著した論文２本を取り上げて検討する。そのあと３人の著者の手になる教科書的なテキスト１冊を扱い（第16、18章はスキップする）、各自の問題意識を深めてもらう。政治学演習I（春学期）のあとの政治学演習II（夏合宿－秋学期）では、参加者が春学期の学習を踏まえてそれぞれ関心あるテーマを選択し、テーマ別に編成したグループ単位で研究報告を積み重ねる。　ゼミの学習面でも運営面でも、参加者の自主性に大いに期待したい。ゼミもまた「自治」の実践の場だからである。ゼミに出席することは参加者の権利だが、そこには相応の責任がともなう。無断欠席は認められない。また、相当の理由なく学期回数の３分の１以上欠席した者は、ゼミに参加する権利を自動的に失う。春学期に失格した者は、秋学期に参加する権利を持たない。
政治学演習 I (日野愛郎),メディアと選挙の実証分析（Empirical Analyses of Media and Elections）,,1年目は火曜日2・4限、2年目は火曜日4・5限を予定しています。1年目は4限に開講されている4年生ゼミにも参加してもらい、2年目は5限に開講されている大学院ゼミにも出席してもらいます。先輩の研究が出来上がっていく過程をリアルタイムで見ることは生きた教材になるはずです。また、3年次終了までに、「計量分析（政治）」と「政治テキスト分析」を履修することを、ゼミに参加する条件としています。通常のゼミや合宿への参加は必須です。欠席が多くなる方はご遠慮いただいています。ゼミ選考の際に課題があります。過去のゼミ生（1期～6期）の卒業論文の中から1つを選び、その論文を2000字前後で論評してください。論文集は下記URLから入手できます（https://goo.gl/xm88Mj）。課題は、学部指定の期日・時間までにメールアドレス（airo@waseda.jp）に提出してください。同じURLにゼミ生が作成したオリエンテーション資料も格納されています。留学を予定している学生や留学から帰国した学生にも学びの機会を作っていきたいと考えています。個別にご相談ください。定期的に外国からゲストを招聘し、最新の研究成果や手法について学ぶ機会を用意する予定です。This seminar is open to EDP students from AY2021. The working language of the seminar will be mainly Japanese but the instructor is prepared to accommodate students who are interested in learning empirical and comparative analyses of media and elections in general.,　このゼミはメディアと選挙に関心を共有する仲間とともに楽しく真剣に学問を追究するゼミです。「メディアと選挙の実証分析」の副題には2つの意味が込められています。1つはメディアをはじめとする「送り手」の分析、2つは「受け手」としての有権者の分析です。政治の現実を理解するためにはメディアや政党、政治家などの送り手のメッセージの分析と有権者などの受け手の分析をバランスよく行うことが必要となります。このゼミでは、メディアや政治的アクターのメッセージ（主にテキスト）を内容分析（content analysis）や様々な計量的なテキスト分析の手法を学びます。同時に、有権者や一般の人々がどのような態度を持ち、様々な情報に反応するかを世論調査（時に調査実験）やソーシャル・メディアの分析を通して明らかにします。このゼミが対象とする分野では、有権者の投票行動分析や政党の政策競争の分析をはじめとして多くの研究成果が蓄積されています。これまでの豊かな研究の蓄積を踏まえて、ゼミ生同士でアイディアを出し合いながら、新しい知見を産み出すことを目指しています。　上で掲げた目標を達成するために、ゼミの1年目は実証分析をするために必要となる様々なデータ収集・作成の手続きや分析手法を一緒に学んでいきます。過去の研究を再現（replicate）することから様々なデータ分析の手法を学び、共通のテーマについて話し合い、グループワークを通して実証分析の基礎を養います。1年目の後半から2年目にかけては、自らの関心に沿って、先行研究を読みながらプロポーザル（研究計画書）を練り、卒業論文の作成を進めます。テーマは、メディアと選挙を中心として政治・社会現象を実証的に研究するものであれば何でも構いません。皆さんは卒業すると「学士」になります。多くの人にとって人生で最初の「士」になると思います。最終的に質の高い卒業論文を書き遂げて名実ともに「学士」になることが2年間のゼミの目標になります。
政治学演習 I (笹田栄司),　現代の司法,　　新聞やインターネットを通じて、最近起きている事件について感度を高めておくこと。,　憲法を未履修のゼミ生は、三年次に必ず履修すること。また、比較憲法論も同じく必ず履修すること。　基本的に対面でゼミを行う予定である。,　行政や国会に比べ変わることのなかった司法制度は、20世紀末に始まる改革によって大きく変容した。消極的と批判されることの多かった違憲審査も司法制度改革や憲法改正論議を経ていくらか積極的な動きを見せている。また、2018年からは刑事訴訟に「司法取引」が導入されカルロス・ゴーン逮捕に結びついた。さらに、司法のＩＴ化が本格化してきた。ＡＩが司法に導入された国も出てきている。本演習は、近年、注目されることの多い司法について、法学、政治学、そしてメディアなどによる分析を検討することによって、司法の現状と問題点を把握することを狙いとする。そして、司法に対する理解が進んだことを前提にして、秋学期は人権に関する裁判を対象にした討論を予定している。司法による人権の保障が次のテーマである。まず、司法に強い関心を持っていることが重要である。司法についての知見が段階的に獲得できるよう演習プログラムを構成しているので、現時点での司法についての知識は問わない。春学期は、授業計画に挙げている教科書から割当てられたテーマの研究報告を受講生が行い、その報告に基づいて、全員で討論する。ゼミの最終回に、メンバー全員で各々が興味を持ったテーマについてプレゼンテーションを行う。　なお、コロナウィルス感染状況によってはＺｏｏｍによるゼミもありうる。
政治学演習 I (栗崎周平),"国際政治の理論研究・実証研究",実証分析に関しては、データを扱う事の楽しさを味わってもらために政治学教員が担当する「政治経済の計量分析」を薦めます。「計量政治学」はUCLA政治学部と同内容ですのでお勧めします。,2021年度秋学期より２年間サバティカル（特別研究期間）を取得する可能性があります。2020年春学期まで取得の有無は確定しませんが、可能性があります。2021年秋学期からサバティカルに出る場合は、現在の2年生は4年生の秋学期には栗崎が担当する専門演習が開講されません。その場合は、多湖淳先生（同じく国際政治学の実証研究を行なっています）の専門演習で引き取って頂くことで合意はしております。ゼミ履修希望者は、「演習要項補遺」を必ず参照して下さい。I also invite applications from students in PSE’s English-Based Degree Program.http://www.f.waseda.jp/kurizaki/call-u-seminar.2015.html　(for English)http://www.f.waseda.jp/kurizaki/call-u-seminar.j.2015.html　(日本語)ゼミには正式登録しない参加希望者は直接連絡を下さい。ゼミ未登録者による参加はこれまでにも参加いただいております。学内他学部に留まらず学外からの参加者もいます。本演習で作成されることが期待される学術論文やポスターは下記から参照できます：https://drive.google.com/file/d/0B_-BxaJ9OWcoS0hjWE9CcXZJZGs/view?usp=sharinghttps://drive.google.com/file/d/0B_-BxaJ9OWcoc1hvZ0xyYklrZms/view?usp=sharing,＊注意＊2021年度秋学期から２年間在外研究休暇を取得しスタンフォード大学に滞在する予定です。応募を検討している方は、応募前に栗崎にご一報ください。kurizaki@waseda.jpスタンフォード大学滞在中（2021年度秋学期以降を予定）は、栗崎が担当する政治学演習は以下の開講方式を採用します：1) 月一回：栗崎が一時帰国する予定があり（都内での月一回の学術振興会での業務のため）、それに合わせて通常通り教室でゼミを開催します。2) その他の週は、ゼミの受講者（現在の3年生＝来年度の4年生を含む）は教室に集まり、栗崎がオンラインで参加する。3) 栗崎の指導下にある大学院生（博士後期課程）とポスドクが教室に常駐して、全て週で栗崎とco-teachingを実施します。ただし、コロナ禍の状況により実際に2021年度秋学期よりスタンフォード大学に滞在できるかどうかは不透明です。スタンフォードが客員教授・研究員の受け入れを保留する場合は、栗崎は在外研究の実施を延期し、早稲田大学で通常通りの業務にあたります。通常は在外研究を実施する教員はゼミを開講することはありません。しかし、ゲーム理論などを用いた政治学の理論分析をできるゼミが他にはないこと、ビッグデータなどを用いたり、データサイエンスの手法を取り入れた政治学における実証研究を行う学生がこれまでに集まってきていること、海外の大学院進学や国際公務員を目指す学生が留学準備をすることを目的に栗崎ゼミを選択してきた事例が多くあることを鑑みて、現役のゼミ生とゼミのOB/OGとも相談の上、そのような特殊な事情をある学生を受け入れて、指導することを目的に、遠隔でゼミを開講することにしました。したがって、栗崎ゼミに応募いただいた場合、上記のような目的を持つなど栗崎ゼミでなければ実現できないことがある人のみを受け入れる予定です。この点について、応募者希望者は事前に栗崎に相談してください。応募者が非常に優秀であったとしても、他のゼミでもご自身の目的が実現できると判断できる場合は、他のゼミに応募することをお勧めします。なお、Twitterのデータを用いたテキスト分析・内容分析は日野先生のゼミをお勧めします。データサイエンスを極めたい人は上田路子先生のゼミをお勧めします。サーベイ実験を行う場合は多湖先生のゼミをお勧めします。国際政治学において実証的あるいは計量的な分析を行いたい場合も多湖先生のゼミをお勧めします。上記と重複しますが、栗崎ゼミでした実施できない研究テーマは、ゲーム理論を用いた理論分析（国際政治・比較政治・現代政治など）、データサイエンス的な政治分析（特に複雑系ネットワーク分析など）などです。ちなみに、栗崎ゼミでの国内外の大学院進学実績では経済学やデータサイエンス・統計学の分野が多くを占め、政治学での大学院進学は少数です。一旦就職した後の進学の場合も開発や公衆衛生などの分野での経済学・データサイエンスばかりです。以上などを考慮のうえ、応募を検討している人は事前に栗崎に連絡をください kurizaki@waseda.jp----------------------------国際政治、主に安全保障に関わる論点（国際紛争、平和構築、内戦、国際組織、国家間競争など）について、その原因、メカニズム、解決策、さらには政策論的含意などを考察するために、理論研究ないし実証研究を行います。単なる時事問題の討議や既存研究の評論に留まらず、各々が持つ国際政治についての問題意識に基づいて独自の学術研究を二年間かけて行います。理論研究ではゲーム理論を用い、実証研究では計量分析を行います。ゲーム・モデルの分析から導出された仮説の検証という、理論と実証の組み合わせでも構いません。研究テーマは独自の研究を行うことを推奨しますが、学生間の共同研究を推奨します。また担当教員のプロジェクトに共同研究者として参画することも可能です。担当教員の現在の主な研究課題は、国際紛争における外交（非軍事的手段）が果たす役割についてのゲーム理論を使ったモデル分析、統計データを使った実証分析、危機外交の理論モデル分析、政治（民主）制度の情報効果の定量的な実証分析、日本の集団的自衛権問題を含む東アジア国際関係の理論分析と実証分析、さらにはテキストマイニングなどのビッグデータ分析を来年度から始動します。「ゼミ制度」は日本の大学制度の優れている点で、とくに社会科学ではこのゼミ制度を有効利用することで、北米のトップスクールと互角にあるいはそれ以上の成果を出すことが可能です。本演習ではこの「ゼミ制度」の強みを最大限利用します。そのために、毎週の演習では自身の研究のみならず他の研究プロジェクトについても討議を全員で行うことによって研究上の問題を協同して解決するとともに研究のノウハウの共有を図ります。ゲーム分析におけるモデル化や均衡導出と解析、計量分析におけるデータ収集・統計モデル構築・プログラミングなどは、毎週、参加者同士で切磋琢磨する中で習得してもらと同時にハンズオンの指導を行います。ゲームモデルの分析やデータ分析など必要なプログラムはGoogle Driveで全て共有して他のゼミ生も同時に分析をゼミの場で行うことで、他のゼミ生にとっては「練習問題」にもなります。目標は、世界トップレベルの大学教育の到達点を達成することです。世界のトップ大学では学生による学術研究への参画がトレンドです。卒業時までに本格的な研究として一定の完結を目指し、その成果は、学術論文かポスター（具体例については下記「備考」欄参照）の作成のいずれかを必須とします。研究成果の学術的意義が大きければ3月に北米で開催される国際学会での研究発表を視野に入れます。以上の作業は特段にハードなものではなく、全員がゼロの状態から栗崎が用意するプログラムをこなせば、無理なく十分に到達できます。2016年3月の卒業直前に、3名がアトランタに、別の3名はサンディエゴ、そしてドイツでのワークショップにも1名参加しました。2018年度からのゼミ生は2020年3月にホノルル（ハワイ）で行われる国際学会に挑戦します。また、英語によるプレゼン力を鍛えることと、国際政治研究の最前線に触れることを目的として、必要に応じて北米のトップスクールから研究者を招聘し研究指導を行います。昨年は、コロンビア、スタンフォード、プリンストン、UCSDなどから７名招聘しました。
政治学演習 I (稲継裕昭),行政の諸活動を分析する,"プレゼミで、『行政学』（曽我謙吾）、『立法学』（中島誠）を読んでもらいます。",ゼミ生たちが自主的に作成・運営しているゼミのホームページ（作成に稲継はまったく関与していませんが、ゼミ活動を知る上で参考になると思います）http://inatsuguzemi.wix.com/wasedapse-undergrad,行政の諸活動は私たちの生活に知らず知らずのうちに大きな影響を与えている。ある行政活動は、どのような構造のもとに、どのようなアクターが、どのように行動することによって行われているのか。基礎的なことを学ぶとともに、いくつかの行政課題およびその解決策を特定し、なぜそのような行動がとられたのかその原因を考える。ゼミのキーワードは、「書を持って街へ出よう」です。理論と実践の統合を目指します。教室による輪読などの座学と、フィールドワークとを組み合わせているのが、当ゼミの特徴です。輪読などによる基礎知識の習得と、現場に出たり（現場の方を迎えたり）して、実践的な動きを把握することとを組み合わせて学びます。プレゼミでは基本書を読み、3年生からは実践を経験しつつそれを理論的に分析することを目指します。3年次にグループ研究を進めて、調査方法や分析方法について学び、4年次には個々人の卒論を仕上げます。# 中央省庁や地方自治体の幹部や若手職員をゲストスピーカーとして招く場合があります。過去5年間の実績・・福井県総合政策部長、福井県元副知事・福井県立大学理事長、奈良県川上村村長、参議院議員、本庄市企画財政部長、福岡市経済環境局部長、官僚出身代議士、文部科学省局長、総務省、農水省官僚、元大使、区議会議員、滋賀県湖南市長、京都市上京区長、ほか#中央省庁や地方自治体を訪れてヒアリングなどを行う場合があります。過去5年間の実績。霞が関（警察庁、財務省、内閣人事局、総務省（自治）、人事院、会計検査院、文部科学省）、参議院、日本銀行、陸上自衛隊（市ヶ谷）、陸自第一空てい団地方自治体（熱海市、豊島区、茅ヶ崎市、本庄市、盛岡市、高山市、奈良県川上村、真庭市、岡山県美咲町、長岡市、湖南市、長浜市、あわら市、鯖江市、福井県、東京都庁）#過去３年ほどは、1年間を通して特定の自治体にフィールドワークに入り、政策提言を行っています。2016年本庄市、2017年本庄市、茅ヶ崎市、2018年茅ヶ崎市、岡山県真庭市、2019年岡山県美咲町、2020年岡山県美咲町、茅ヶ崎市#合宿は、3年の夏、3年の冬、4年の夏の3回、2泊3日で行います。合宿への参加は単位取得のために必須です。過去5年間、合宿は次の場所で行いました。熱海2泊3日（市役所、商工会議所、観光協会、NPOなどにヒアリング調査）、岐阜県高山市2泊3日（市役所、支所（旧町役場）、飛騨ミートなど）、新潟県長岡市2泊3日（市役所、山古志支所ほか）、奈良県川上村2泊3日、滋賀県2泊3日（長浜市、湖南市ほか）、岩手県2泊3日（盛岡市、花巻市、紫波町ほか）、福井県2泊3日（鯖江市、あわら市、福井県、恐竜博物館ほか）、小諸市2泊3日（小諸市役所、ほか）、岡山県（倉敷市、岡山市）、伊豆川奈セミナーハウス(台風の為使用禁止となり急遽箱根の別荘を借りて合宿)2泊3日、岡山県、那須塩原市、2020年度は新型コロナ感染対策のため、2020年8月現在実施未定。
政治学演習 I (稲村一隆),政治哲学・思想史,"あらかじめ指定された文献を読んで議論したい点を考えてくること。毎回、予習が必要になります。",,政治哲学は社会の規範的な原理について探求する学問です。特に自由主義と民主主義という現代社会の原理を考察することが中心になりますが、その様々なバリエーションを探求することになります。国際援助と分配の正義、フェミニズムと結婚、人権と動物の権利、国際秩序と正戦論といったトピックについて、現代社会で生じている問題を知ると同時に、そうした問題の背後にある考え方を知ることが主眼です。そこで具体的な事例から出発しつつも、概念的に考察することになります。本演習では、まずインプットが重要なので、政治哲学の基本文献を通して上記のトピックを学んでいきます。政治哲学・思想史分野では日常言語とは違って、難解なテクストを扱うことになるので、相応の訓練が必要になります。この点はさらに二つのタイプに分かれます。一つは西洋政治思想史の古典を解読します。どのテクストを扱うかは参加者の関心に応じて決めますが、以下のようなテクストを扱います。プラトン『国家』、アリストテレス『政治学』、ホッブズ『リヴァイアサン』、ロック『統治二論』、カント『永遠平和のために』、ミル『自由論』、アーレント『人間の条件』、ロールズ『正義論』など。もう一つは現代の専門的なジャーナルの論文を英語で読みます。論旨を正確に読み取る訓練をします。一人で読んで理解するのは難しくても、みなで議論しながら考察すると、学部生の間に十分に理解を深めることができるようになります。本演習の特色の一つは、論文執筆のスキルの習得を重要視することです。教員の英国での経験を生かして、政治哲学・思想史分野での論文の書き方を学習します。海外の大学では学部生の段階からオリジナリティのある議論を論理的に提示する論文執筆の訓練が日常的に行われています。本演習では当該分野での方法論を学習し、クリティカル・シンキングや論理学の教科書なども参照しながら、毎学期論文を書きます。自分や他人の見解に批判的になって、自分と異なる見解を持つ人も説得できるように、論理的な文章を書く訓練をします。
政治学演習 I (厚見恵一郎),西洋政治思想史文献研究,,,　政治思想史は、政治をめぐる思想の歴史を対象とする学問分野です。具体的には、何らかの思想を表現しているおもに文字資料（テクスト）を読んで研究します。あるテクストが、歴史のなかでどのように書かれたか、また、歴史のなかでどのように読まれ、批判され、継承されて、政治についての思考枠組みを形成していったのか、を考えます。対象となるテクストは、こんにち西洋と呼ばれている地域において、紀元前8世紀頃から20世紀あたりまでに書かれた「古典」と呼ばれる書物が中心です。「古典とは何か」は大問題ですが、ここではさしあたって、歴史上ある時期にだけ読まれたというのではなく、数十年・数百年・数千年にわたって、世界中で、しかも専門領域をこえて読みつがれ、後の人たちの思想形成・理論形成に意識的・無意識的に少なからざる影響を及ぼしてきた書物を、「古典」ととらえておきます。西洋政治思想史でいえば、プラトン、アリストテレス、キケロ、アウグスティヌス、トマス・アクィナス、マキァヴェッリ、ホッブズ、ハリントン、ロック、モンテスキュー、ルソー、バーク、トクヴィル、J.S.ミル、C.シュミット、H.アレント、J.ロールズ、L.シュトラウスらの著作は「古典」といってよいでしょう。丸山眞男の言葉を借りれば、「あらゆる思想に相互連関性を与え、後の時代の人々が肯定するにせよ否定するにせよそれを無視することができないような、共通の伝統を形成している」書物群です。こうした著作がもつ「さまざまな意味」を考えながら、読み、研究していきます。　ここでいう「さまざまな意味」には、その著作の同時代的、思想史的、哲学的、概念的、政治学的、現代的な意味が含まれます。テクストの「さまざまな意味」を明らかにするためには、概念分析・用語分析、哲学史・理念史、同時代のイデオロギーやパラダイム、著作や概念の受容・変遷史、文献学、古典学、政治史・政争史、法制史、現代政治学、神学、哲学、などの手法や知見を組み合わせた読解が求められます。テクストを経験的に分析すること、すなわち、その著者が何を意味していたのか、なぜそれを書いたのか、を明らかにすること。これは、複数の証拠を検証し照合することで、可謬的・漸進的・修正的におこなわれるべき営みです。それは時として、犯人の意図と行動を解明しようとする刑事捜査の営みになぞらえられます。思想史研究の場合、犯人（著者）はすでに亡くなっているので、本人から直接聴くことはできません。残されているのはいくつかの歴史的証拠だけですし、しかもひとつの証拠について複数の解釈が成り立つことも多くあります。(1)テクスト的証拠：書かれた文字群そのものの意味。同一著作内において、また、著者の全作品内において、ある言葉や用語や文章が表している意味内容。(2)歴史文脈的証拠：言語的、政治的、社会的、哲学的、神学的ないし宗教的な歴史文脈を含む。(3)哲学的証拠：テクストが示唆する概念や命題の普遍的ないし長期的含意。(4)動機的証拠：著者のイデオロギー的な意図（短期的・同時代的）だけでなく、理論的動機（長期的・理念的）をも含む。　こうした幾種類もの証拠を検証しながら、過去のテクストの「要約」や「インスタントな理解」で満足することなく、古典のもつ豊かな意味を解明していきたいと思います。　「最も容易なことは、内容と堅固さをもつものを評価する（beurteilen）ことであり、それより困難なことは、それを把握する（fassen）ことであり、最も困難なのは、両者をひとつにして、その叙述（Darstellung）を生み出すことである。」（G.W.F.ヘーゲル『精神現象学』III.13）　粘り強く読書し考えていく根気と、互いに学び合う心構えがあれば、予備知識の多寡は問いません。ひとりで読んでいたのでは理解しにくい「かたい書物」を、皆で少しずつでも読み進め、解釈を出し合っていきたいと思います。古典をじっくり読んでみたい人、政治について哲学的・根源的に思考してみたい人、現在の政治の歴史的・概念的背景について知りたい人、討論を通じて新たな視野を開拓したい人、学びたい意欲ある皆さんの参加をお待ちしています。　共通講読文献については、各年度の受講生の関心も考慮し相談しながら決定していきます。ちなみに2020年度春学期のゼミでは、マキァヴェッリ『君主論』とダンテ『帝政論』を読みながら、君主と君主政体について、近代と中世の考え方を比較しました。過年度に読んだ文献としては、トクヴィル『アメリカのデモクラシー』、トマス・アクィナス『神学大全』（抜粋）、ハンナ・ピトキン『代表の概念』などがあります。
政治学演習 I (国吉知樹),現代日本外交の分析,受講生はゼミでの議論に積極的に参加するために、事前に必ず課題文献を読んで演習に臨むことが求められる。,この授業は教室にて対面で行う予定です。,　　本演習では現代日本の国際関係・外交について理論および歴史の両面から考察する。　演習では、最初に基礎的なテキストの輪読と議論を通じて国際政治学の基礎概念について理解を深める。つづいて戦後日本外交史の論争点について日米関係および日本と近隣アジア諸国の関係に焦点を当てて分析を行う。さらに現代日本外交に関わる分析概念や論争的なイッシュ―について代表的な文献をたたき台にして議論をする。ここでは日本の安全保障問題、日韓歴史認識問題、日ロ間領土問題、沖縄の基地問題などを取り上げる予定である。　また、春学期後半から秋学期の初めにかけて、ゼミ内で3～4人からなる複数のグループを組み、それぞれのグループが戦後日本外交に関わる論争的なイッシューについてテーマを決め、外交文書の調査・分析を行い、共同論文の作成に取り組む。　演習Iでは以上のようなプロセスを通じて外交を分析するための手法・視点を磨き、卒業論文執筆のための準備を進めていく予定である。日本が現在直面する外交上の諸問題を理解するために、国際関係の理論と歴史の習得に熱意を持って取り組み、積極的に議論に参加する意欲を持った学生を歓迎する。
政治学演習 I (ソジエ内田恵美),政治言語学－ディスコース分析の理論と実践,"例年、夏合宿と年二回のゼミ発表への参加は必須である。",,現代社会において、言語が果たす役割が重要であることは論を待たない。　民主主義国家においては、政治リーダーは言葉を使って有権者に自らの政治的信条、政策や政権の正統性を説き、支持を得なければならない。しかし、彼らの言葉、レトリックや手法は一様ではなく、政治・社会の構造的変化によっても大きく変わってきている。近年では、政治マーケティングの体系化による影響は著しい。メディアもまた、グローバル化やソーシャルメディアの発達により、その社会的影響力が高まる一方で、事実より感情を重視する「ポスト真実」と呼ばれる状況や、左右のイデオロギーへの二極化が指摘され、大きく揺れている。そのような社会的状況を鑑み、本講義では、言語と政治の関係について多角的視点をもって考えたい。　授業では、アリストテレスやレイコフの理論を基にした政治演説のレトリック分析から、フーコーやブルドゥーによる社会理論を発展させた批判的言説分析の事例を扱い、政治エリートがどのような言葉を使って社会的な現実を構築し、一定の社会的規範を常識化し、正当化しているかを分析し、考察するための理論と方法を学ぶ。また、メディアが社会でどのような役割を果たしているのか、についても考える。講義の前半は分析のために必要な概念や理論を学ぶが、後半は具体的なデータ収集の方法や分析手法に焦点を当てる。3年前期は主に量的、質的分析手法について学ぶ。後期からは、各自が卒業論文に向けて研究を行う。本演習は、演習参加者の関心に合わせて、英語・日本語の研究文献を扱う。 
政治学演習 I (都丸潤子),ヒトの国際移動の文化的・歴史的分析,,本ゼミでは、積み上げ式の演習と論文指導を行い、上級生・下級生を含めたゼミメンバー同士の切磋琢磨を重視しますので、留学からの復学者、留学予定者を含めて、（プレゼミを除き）少なくとも３学期以上在籍される方を歓迎します。留学計画がある場合には、各自の履修計画が履修／単位取得条件を満たすかどうかを事前に事務所で確認の上、応募時にわかる範囲で、あるいは留学決定後すみやかに、その旨教員まで申し出てください。留学をまたいでの履修計画等については、履修・登録方法について事務所でも手続きを確認のうえ、早めに教員に相談してください。国際政治経済学科生、経済学科生も大いに歓迎します。ゼミ初年次終了までにできるだけ国際社会関係論を履習してください。左の科目に加え、国際関係論入門もすでに履習していることが望まれます。主体的に研究を進める熱意を持ち、仲間を大切にし、建設的な議論のできる学生のみなさんを歓迎します。したがって、当然ながら継続的なゼミ、合宿への出席と議論への参加を重視します。学部で卒業し実務をとおした社会貢献を考える学生諸氏はもちろんのこと、国内外の大学院進学希望者も大いに歓迎し、その目標にあわせた指導を行います。,　この演習では、多様な主体によって重層的に構成されている国際社会において、トランスナショナルな現象の代表例である人間およびその集団の移動が、どのような原因で生じ、いかなる過程を経て、どのような結果をもたらすかを社会科学的に分析し、理解を深めることを目的とする。分析にあたっては、理論にとどまることなく特に実証分析を重視し、政治的・経済的側面だけでなく、文化的・社会的・心理的な側面からの検討を行う。具体的には、移民・難民・ディアスポラ・出稼ぎ・派遣・留学・国際交流・兵士・人身取引などさまざまな形のヒトの国際移動に伴って生じる文化の接触と変容、移動者のアイデンティティの変容と権利・安全をめぐる問題、送出国・経由国・ホスト国や国際組織の関与、移動者と移動元・移動先の社会との関係や多文化共存のあり方などを研究対象とする。また、ヒトの国際移動の歴史は古く、特にナショナル・ヒストリーとグローバル・ヒストリーをつなぐ現象とされる植民地化と脱植民地化の過程で起こった社会・文化変容やヒトの移動の影響は、現在にも広くみられる。従って、このような事例に関する歴史的分析も重視したい。また、現在私たちが直面しているグローバル・イシューとしてのコロナ禍と人の国際移動の関係の検討も試みる。これらの視点は、人間集団のなかでも、一般市民、マイノリティ、弱者の立場から国際社会の現象を捉えなおすことにもつながる。参加者と一緒に、より人の顔のみえる国際関係像をさぐってゆきたい。
政治学演習 I (尾野嘉邦),選挙と投票行動,演習時間外に実験課題などに取り組むことが求められる。,この演習では基本的に英語の文献のみ扱うとともに、英語でのアウトプットを目指します。参加者には相応の英語読解能力が求められますが、英文を読んだり、書いたり、話したりすることに慣れていない人も、演習での訓練を通じて、そのスキルを磨いていきましょう。,投票行動に焦点を当てた政治行動論の演習です。人間はいろいろな場面で選択を迫られますが、選挙における投票という行為も選択の一つです。選択を迫られたとき、人はどのように決めるのだろうか、選択を左右するものは何だろうか、より良い選択をするにはどうしたらよいだろうか。フェイクニュースやデジタルテクノロジーなどによって、人々の自発的選択が無意識のうちに誘導されてしまうことはないのだろうか。選挙で当選を目指す候補者ならば、どう行動したらよいのだろうか。選挙という場面に焦点を当てて、選挙における人々の選択（投票行動）と民主主義の行方について、心理学や行動経済学なども参考にしながら考え、学術研究として新しい知見のアウトプットを目指す演習です。その過程で、データの実証分析やサーベイ実験を始め、研究成果のプレゼンテーション、論文執筆などにも取り組んでもらいます。
プレ経済学演習 (笹倉和幸),新古典派総合,ケインズ『一般理論』を毎週2章ずつ読んで報告書を作成する。所要時間は毎週９０分。,,この演習では新古典派総合について研究する。新古典派総合とは、短期においてはケインズの理論がそして長期においては新古典派の理論が成り立つという、1955年にサミュエルソンによって提案されたマクロ経済学の考え方である。新古典派総合は1960年代には影響力があったが、次第に顧みられなくなり、現在では「瓦解した理論体系」とみなされている。この演習では新古典派総合の今日的意義を探究する。新古典派総合については参考文献（１）～（４）を、マクロ経済学の現状については参考文献（５）～（８）を読んでおくこと。
プレ経済学演習 (荻沼隆),,統計学入門およびゲーム理論入門で学ぶ内容についての一定の理解,,意思決定理論およびゲーム理論についての基礎的な内容を学習する。
プレ経済学演習 (船木由喜彦),ゲーム理論と実験経済学,,学生に対する要望：「受講希望学生に対する掲示」を良く読んでください。関連URL：http://funakiwaseda.goodplace.jp/http://yukihikofunaki.blogspot.jp/,　このプレ演習では演習ⅠからⅣに接続することにより、「ゲーム理論」の基礎を修得すること、また、「経済学実験」を実施・分析する基礎能力を修得することを目標とします。さらに、それに関連する経済学・政治学諸分野の問題を研究します。例えば環境問題、情報の経済学、産業組織論、公共財供給問題などがそれらの研究テーマの一例となります。　ゲーム理論では、互いに依存関係のある状況における、個人の合理的な意思決定や行動を研究します。実験経済学では、ゲーム理論や経済学の理論のとおりに人々が行動するのか、もし、そうでないとすると、それはなぜかという問題を研究します。最終的な目標は自分の定めた研究テーマの卒業論文を作成し、それを卒論発表会で報告して頂くことです。　２年次のプレ演習では、3年次の基礎研究の準備として、月に1回から2回程度集まり、相互のメンバーを知ること、ゲーム理論の初歩を確認すること、から始めます。基本的にはwebや早稲田Moodle、電子メールで指導を行いますが、2回予定されているレポート課題の解説の際は、皆で集合して、教室で行います。　また、プレ演習の間にも、慶応大学とのインターゼミ等の行事があり、できる限り参加して頂きます。また、1月末か2月はじめに開かれる卒業論文発表会は必ず出席しなければなりません。
プレ経済学演習 (荒木一法),,,次の3科目の単位を取得済みであることを応募の前提条件とします。「ミクロ経済学入門」、「経済数学入門」、「ミクロ経済学Ａ」また、応募を検討する場合は、必ず教員による説明会（9月上旬）に参加するか、参加できない場合はコースナビで視聴し、ゼミの内容・方針を理解した上で判断してください。,経済学演習履修のための準備として、指定した教材をもとに、クリティカル・リーディングとグループ・プレゼンテーションに取り組んでもらいます。なお、通常の授業時間帯に授業は実施しませんが、参加者の皆さんと時間調整をおこない対面でのミーティングを数回実施します。また、大学からゼミ合宿実施許可がでれば、２月初旬に３，４年生とともに春合宿に参加し、事前に設定した課題についてグループ発表をしてもらいます。合宿が実施できない場合は別途発表の場を設けます。
プレ経済学演習 (近藤康之),貿易、環境、経済効果の計量分析,,,産業連関分析が、どのように貿易、環境、経済効果の計量分析に用いられているかを学びます。
プレ経済学演習 (田中久稔),数学的文書の作成方法,,情報科学屋さんを目指す人のメモ：簡単LaTeXインストールWindows編（2016年4月版）https://did2memo.net/2016/04/24/easy-latex-install-windows-10-2016-04/,このプレ演習では，数式を含む文書を作成するためのソフトウェア「LaTeX」の使い方を学ぶ．LaTeXは数式を美しく組版するために欠かせないソフトウェアであり，世界中の研究教育機関で利用されている標準的な言語である．LaTeXを習得することにより，専門演習の際のレジュメや，卒業論文の作成が可能になる．＊本プレ演習に参加するには Windows PC が必要です．Mac User は自力でどうぞ．
プレ経済学演習 (金子昭彦),,,,経済学演習Iに向けて，国際経済学に関する基本的な知識とレポート作成の技術の確認を行う．開講期間中に学生は２回のレポート提出が必要となる．
プレ経済学演習 (有村俊秀),環境経済学演習：プレゼミ,,http://www.f.waseda.jp/arimura/,環境経済学演習の準備を行う。Moodleを中心としながら、リアルでも何度か会う予定である。
プレ経済学演習 (小倉義明),金融の予備知識,,,次年度春学期から始まる専門演習のための準備を行う。金融の基礎知識を習得する。
プレ経済学演習 (上田晃三),「日本の経済・物価情勢の判断と見通し」のための準備,３年からの経済・物価情勢作業に備えるために、関連資料を読みレポートをまとめる。,,・３・４年生合同ゼミへの参加（一部）・レポートの提出（数回）：　具体的には、参考文献の要約、データを使った推計、プログラミング、企業研究など
プレ経済学演習 (安達剛),経済学を社会問題に応用する力を身に付ける,,,ミクロ経済学は知識ではなく思考の型であり、社会や日常生活の現場で活用できなければ意味がありません。ミクロ経済学やゲーム理論の授業では理論を抽象的な形で学習していますが、それを「どこで」「どのように」使うのかという技術は、理論とは別に体系的に学習して身に付ける必要があります。この演習では、討議に重点を置いた理論テキストの輪読と、現実の社会問題についてのケーススタディ、そしてフィールドワークの３つを柱として≪ミクロ経済学・ゲーム理論を現場で使う技術≫を習得していきます。プレ演習では、①演習全体を通じて前提となる批判的思考法の習得、②ミクロ経済学・統計学の復習、そして③社会問題をインセンティブ構造で捉える技術の習得を図ります。輪読と映像資料を基にした討議が中心になります。学生の要望に応じて、オンライン（リアルタイム）で実施する場合があります。
プレ経済学演習 (大湾秀雄),経済学は、制度や組織の設計を改善する上でどう役立つのか,,,このプレ演習では、「Work Design(ワークデザイン）」および「行動経済学の使い方 (岩波新書)」を輪読しながら、主として、男女格差の問題を中心に、差別や不公平性はどのように生まれるのか、人の判断や行動にはどのようなバイアスが生じるのか、それを是正する上で、制度や組織の設計がどのような役割を担えるか、また、データを活用して、どのように問題点を明らかにすることが出来るかを学び、考えさせます。
プレ経済学演習 (星野匡郎),ミクロ計量経済学と機械学習,統計学，計量経済学の基礎的知識は前提とします．プログラミングの知識は前提としませんが，RやPythonの経験があると望ましいです．,,ミクロ計量経済学とは，個人や家計，企業などの個票データに関する計量経済手法のことを指します．また，機械学習とは，様々なコンピュータアルゴリズムを用いて，データから有益なパターンを発見したり予測を行う分析の総称です．ディープラーニングなどが代表的な手法です．近年，機械学習の急速な発展に伴い，計量経済学においてもそれらを活用する分析が注目されています．本講義では，計量経済学や機械学習を概観し，３年次に学習するトピックを決定します．また，円滑に学習が進められるよう，入門レベルの計量経済学や数学の復習，プログラミングソフトの導入などを行います．
プレ経済学演習 (片山宗親),マクロ経済分析,,http://www.f.waseda.jp/mkatayamaゼミに関しての質問などは、mkatayama@waseda.jpまで送って下さい。よくある質問は、ココにまとめておきます。,2年次のプレ経済学演習では、次年度からの経済学演習のための準備として必要な学習を行います。日本経済やアメリカ経済など、マクロ経済に関する諸問題の基本的な知識や、必要な分析ツールの獲得を目指します。
プレ経済学演習 (齊藤有希子),空間経済学,,ミクロ経済学の基礎、経済数学の基礎を前提とする。ネットワーク分析の講義を履修すること。,次年度春学期から始まる専門演習のための準備を行う。空間経済学の基礎知識を習得するとともに、実証分析の基礎を学ぶ。
プレ経済学演習 (内藤巧),国際貿易理論,,全てにおいて自学自習を旨とする．,国際貿易理論の中級の教科書4章分を精読し，章末問題を解く．
プレ経済学演習 (小林和夫),グローバル経済史の研究ーアフリカと世界,,担当教員の「経済史入門A 02」を受講済みであることが望ましい。各自の知的好奇心にしたがって、日本経済史やアジア経済史、国際関係史など幅広く積極的に学んでほしい。加えて、英語文献（学部生向けのテキストや関連文献）を読めるように、英語の学習にも取り組んでほしい。,私たちが生きている現在の世界は、どのようにして形成されたのだろうか。このような問いを考えるときのキーワードの１つが、「グローバル化」であろう。一般に広く浸透しているストーリーは、ヨーロッパ人（＋アメリカ人）を中心的アクターとするものであろう。そこでは、彼らの商業的・植民地主義的拡大は、アジアやアフリカの諸地域を自らの世界システムに「併呑」していく過程として捉え、他方で「併呑」された諸地域の人々は、「受動的な犠牲者」として描かれることが多かった。しかし、そのような解釈は、20世紀後半に「奇跡」と呼ばれた東アジアの経済成長、より最近のインドの経済成長、さらにはアフリカ諸国の経済成長をどれほど説明することができるのだろうか。現在の私たちが生きている世界で起きている変化は、昔ながらのヨーロッパ中心主義的歴史解釈に束縛されることなく、各地域のアクターの役割にも目を向けてみることの重要性を教えてくれているのではないか。そこで本演習では、最近出版された書籍をもとに議論を重ねながら、グローバル化の歴史的過程について理解を深めていきたい。具体的には、2020年度のプレ経済学演習では、アフリカと世界の経済的関係にかんするテキストを輪読する。
プレ経済学演習 (上條良夫),行動・実験経済学,入門的な統計学の知識及びゲーム理論の知識を前提とする,,一連の演習（I～I V）は、実験経済学および行動経済学に関する卒業論文を執筆することを目標として実施されます。実験経済学の研究の花形である経済実験を利用した研究を遂行するには以下のような多様な能力が必要となります。（１）経済理論や他分野の理論に基づいて仮説・予測を構築する能力（２）仮説・予測を検証するための適切な実験計画を立てる能力（３）実験を準備し、遂行する能力（４）収集されたデータを解析する能力（５）一連の作業を言語化し論文としてまとめる能力一連の演習では、これらの能力を獲得するための学習に取り組みます。学習内容は、実験経済学・行動経済学・ゲーム理論のテキスト輪読に加えて、実際の研究データを題材としたデータ解析演習、先行研究を読み込んだ上での自分なりの仮説構築を目的としたグループワーク、実験実施の際に必要なマテリアルの作成演習などを含みます。もちろん、一人の個人がこれらの多様なスキルに熟達することは非常に困難です。そこで、学生の皆さんには、まずこれらの能力に関して一定水準のスキルを獲得した上で、それぞれの個性と希望に応じて、(A) 数理的な解析に基づいて仮説・予測を構築するグループ(B) 政治学・心理学・社会学などの他分野の理論から仮説・予測を構築するグループ(C) 実験用の資料やアプリを作成するグループ(D)データを解析するグループなどに分かれて活動してもらいます。詳細な内容やグループ分けは、学生の関心、習熟度などに応じて臨機応変に決定します。プレ演習では、これらの活動全てに関して体験してもらい、皆さんの特性と希望を把握します。
経済学演習 I (笹倉和幸),新古典派総合,ケインズ『一般理論』を毎週2章ずつ読んで報告書を作成する。所要時間は毎週９０分。,,この演習では新古典派総合について研究する。新古典派総合とは、短期においてはケインズの理論がそして長期においては新古典派の理論が成り立つという、1955年にサミュエルソンによって提案されたマクロ経済学の考え方である。新古典派総合は1960年代には影響力があったが、次第に顧みられなくなり、現在では「瓦解した理論体系」とみなされている。この演習では新古典派総合の今日的意義を探究する。新古典派総合については参考文献（１）～（４）を、マクロ経済学の現状については参考文献（５）～（８）を読んでおくこと。
経済学演習 I (荻沼隆),ゲーム理論と行動経済学を用いた経済分析,,　学生に対する要望：ミクロ経済学とゲーム理論に関係する演習なので、演習参加者は、事前にミクロ経済学とゲーム理論の基礎知識があることが望まれる。それがあまりない場合は、演習での最初のテキストブックの学習の時点で、キャッチアップするやる気のあることが前提条件になる。　なおこの演習は、今年度は対面授業を予定している。,この演習では、まず行動経済学の理論と分析手法についての基礎的な内容を学習する。その上で、限定合理性を考慮した理論的な分析のように発展的な研究を行うか、特定の分野に関するやや現実的な応用研究を行うことを目的とする。
経済学演習 I (船木由喜彦),ゲーム理論と実験経済学,,学生に対する要望：「受講希望学生に対する掲示」を良く読んでください。関連URL：http://funakiwaseda.goodplace.jp/http://yukihikofunaki.blogspot.jp/大学院進学希望者は4年次より、大学院のゼミに参加することができます。,この演習ではⅠからⅣまで継続することにより、「ゲーム理論」の基礎を修得すること、また、「経済学実験」を実施・分析する基礎能力を修得することを目標とします。さらに、それに関連する経済学・政治学諸分野の問題を研究します。例えば環境問題、情報の経済学、産業組織論、公共財供給問題などがそれらの研究テーマの一例となります。　ゲーム理論では、互いに依存関係のある状況における、個人の合理的な意思決定や行動を研究します。実験経済学では、ゲーム理論や経済学の理論のとおりに人々が行動するのか、もし、そうでないとすると、それはなぜかという問題を研究します。　最終的な目標は自分の定めた研究テーマの卒業論文を作成し、それを卒論発表会で報告して頂くことです。３年次の演習Ⅰ・演習Ⅱでは、このための基礎研究をします。まずは、担当教員の推薦するゲーム理論あるいは実験経済学の平易なテキストまたは資料を輪読することから始める予定です。その際、実際にゼミの皆さんに参加していただいて、人々の行動選択の実験を実施し、実験経済学をより理解していただく予定です。卒業論文のテーマとしては上記のほか、実際に実験を実施した研究、国際政治・国際経済に関する研究、スポーツのゲーム理論分析、制度の比較研究、交通混雑の解消の問題、ゼミの学生マッチングの問題など内容は多岐にわたりますが、そのほとんどがゲーム理論に関連した研究です。その中には論文コンクールにおいて優秀賞を受賞したものもあります。なお、卒業論文の内容は卒論発表会にて報告しますが、OBや２年生の参加もあります。例年、１－２割の学生が大学院に進学します。なお、各演習科目修了時にはその期間に学んだことをまとめたレポートを作成していただきます。　実験経済学に関しては、担当教員の実施する経済学・ゲーム理論実験に参加して頂き、実地的に実験経済学の知識・技能を修得して頂く予定です。東京大学や慶応大学とのインターゼミ、さらにオープンゼミの準備、発表会なども実験経済学の修得に役立ちます。
経済学演習 I (荒木一法),企業と家計の行動分析（応用ミクロ経済学）,,次の3科目の単位を取得済みであることを応募の前提条件とします。「ミクロ経済学入門」、「経済数学入門」、「ミクロ経済学Ａ」また、応募を検討する場合は、必ず教員による説明会（9月上旬）に参加するか、参加できない場合はコースナビで視聴し、ゼミの内容・方針を確認した上で判断してください。,（目的）本演習は、企業と家計の行動分析を題材として、参加者の分析力とコミュニケーション能力を向上させることを主たる目的とします。（方法）伝統的なミクロ経済学に加えて、ゲーム理論や契約理論を具体的な分析事例を交えて学ぶことで、参加者の分析力の質を高め、幅を拡げることを試みます。また、プレゼンテーションと討論の機会をできるだけ多く確保するとともに、適宜短いレポートの提出を求め、参加者の「話す力」「書く力」の向上に努めます。（題材の説明）主に企業の戦略決定（投資・資金調達行動、マーケティングなど）と資金仲介者（銀行・証券会社等）の行動を分析し、時間的余裕があれば家計の消費・貯蓄・資産選択行動も扱いたいと考えています。これらのトピックをミクロ経済理論を用いて分析する文献を輪読するとともに、関連ニュースを報じる和文および英文の新聞・雑誌等の記事を題材にディスカッションをおこない理論の応用力を強化します。（授業の進め方）春学期は共通のテキストを使用し、参加者が担当箇所を発表していきます。例年は各人３回の発表機会があります。夏合宿では事前に設定した課題について調査し、その結果を口頭で発表するとともに、レポートとしてまとめ提出してもらいます。（授業時間について）ゼミは、３年４年合同で月曜４時限、５時限連続で行います。（授業以外のゼミ活動）年間数回のペースで実務の第一線で活躍されているゲストスピーカーによる講義やゼミ卒業生も参加する勉強会をを実施する予定です。講義や勉強会を通じて、ゼミ生の皆さんがあたらしい知識・視点を吸収し、将来の進路について考えるヒントを得ることを期待します。月曜４時限＆５時限以外の時間に実施される活動については参加を必須とはしませんが、ゼミ生諸君はこれらの活動にも積極的に参加してください。
経済学演習 I (近藤康之),貿易、環境、経済効果の計量分析,,以下の講義を３年次までに必ず登録・履修してください：計量経済学、経済学研究・国際政治経済研究（近藤康之）。,　製品を生産するには半製品や電力などが必要であり、半製品や電力を生産するには原材料や天然資源が必要です。製品のサプライチェーンは、さまざまな生産プロセス（あるいは産業）の複雑なネットワークにより構成されています。経済のグローバル化が進んだ現代においては、製品のサプライチェーンは世界各国に広がっています。したがって、我々の消費活動は国内産業だけでなく、貿易を通じて他国の産業にも影響を与えます。また、生産活動により不可避的に廃棄物や温室効果ガスなどが排出されるため、我々の消費活動は様々な地域の自然環境にも影響を与えます。持続可能な消費と生産を実現するためには、製品の国際サプライチェーンに関するデータに基づく理解が必須です。　この演習では、貿易、環境、経済効果の計量分析の主たる方法として産業連関分析と回帰分析を学びます。学んだ方法をデータに適用して分析すること、およびレポート執筆と口頭発表を通してソフトウェア使用とプレゼンテーションの技術を向上することも重視します。　２年生の秋学期後半に実施するプレ演習では、貿易、環境、経済効果の産業連関分析に関する分析事例を通して、産業連関分析がどのように用いられているかを学びます。
経済学演習 I (田中久稔),経済学のための数学的方法,,,　この演習では，理論経済学および計量経済学を深く学ぶにあたって必要となる数学的な基礎を習得することを目標とする．具体的には，線形代数や位相集合論など，数学の基礎分野を学んだうえで，それらの手法を用いて書かれたテキストや論文を精読する．参考までに，2019年度には「ヒルベルト空間論と時系列分析」，2020年度には「測度論とノンパラメトリック計量経済学」を学んだ．2021年度の予定は未定であり，志願者の希望と上級生の選好に応じて決定される．特定分野の学習を強く希望する者は，その旨を熱烈に訴えていただきたい．　参加希望者は以下の３点に十分に注意すること： (i) 本演習では，統計処理言語「R」や数学的文書作成ソフト「pLaTeX2e」を多用する．したがって，各自が自分のノートPC（安価なもので構わない）を用意する必要がある． (ii) この演習では膨大な範囲を学習することになるため，月曜４限・５限に２コマ連続して実施する． (iii) 応募時点では数学が得意でなくても，前提知識のないところからゆっくりと説明するので心配はいらない．ただし，十分な努力が求められるのでやる気がないとかなりしんどい．
経済学演習 I (金子昭彦),動学的マクロ経済分析と国際金融,,ミクロ経済学入門、マクロ経済学入門の内容を理解していること。自習時間に時間をかけることが望まれる。,経済学演習Iでは、下記の教科書を利用し国際金融及び国際貿易の基礎を学ぶ。その後、参加者各自の興味を踏まえた上で、以下の参考文献にあるような国際金融への動学的アプローチに移る。
経済学演習 I (有村俊秀),　環境経済学,,　統計学、計量経済学の知識を持っている方が望ましいですが、理論分析、環境政策の制度に関心がある人も歓迎します。　関連URL：　http://www.f.waseda.jp/arimura/　ゼミ履修者には、学部の環境経済学及び計量経済学の受講をお願いします。　また、2年生の間に、統計または計量関係の講義を受講してください。,　地球温暖化問題、大気汚染問題、廃棄物問題などの環境問題を分析する環境経済学を学びます。また、関連する再生可能エネルギーなどエネルギー問題・政策についても経済学的にアプローチします。分析手法としては、ミクロ経済学や、統計学を用いた計量経済学を用います。そのため、ゼミでは統計分析・計量分析の手法も学びます。コンピュータールームでの統計分析の実習も行います。春学期は、教科書の輪読を行いながら、研究活動の方法について理解を深めます。ゼミでは、欧州・米国あるいはアジアの環境政策についても学ぶ予定です。　また、秋学期中にプレ演習を行います。そこでは、本格的なゼミ活動を行うまでの準備を行います。　なお、担当教員は2022年度秋学期に特別研究期間を予定しているため、当該学期は代講を立てる予定である。
経済学演習 I (小倉義明),　金融の統計分析,,"○　マクロ経済学A、ミクロ経済学Aを履修済みであることが望ましい。○　金融論、ファイナンスを履修する予定であることが望ましい。○　計量経済学を並行して履修すると,分析手法の幅が広がるのでなお良い。関連URL：　http://researchers.waseda.jp/profile/ja.94715480dc051ba129b1e943d2e9cd0c.html",この演習では、金融理論の基本を参加者全員で議論しながら学ぶと同時に、自ら論理を組み立て、統計的手法でそれを立証し、文章あるいはプレゼンテーションとしてそれを表現する訓練をする。
経済学演習 I (上田晃三), 日本の経済・物価情勢の判断と見通し,毎週、相応の事前準備が必要。一人一人が担当をもち責任をもった分析をすることだけでなく、各班単位でグループとして協調することも重要。,出席と毎回のゼミへの貢献（発表、質問、コメントなど）は必須。2年次のプレゼミは、１～2回のレポート提出、３・４年生のゼミへの数回の参加を課す予定。,本演習では、最近の日本経済について、①その概要のほか、②それを分析するための経済指標の使い方、③背景にある経済学的な考え方について、習得することを目標とする。　具体的には、足もとの経済・物価情勢を判断し予測することを目的とする。学生一人一人に対して、個人消費、設備投資、財政、輸出入、物価、雇用などの担当を割り振り、その動向を随時モニター、報告させる。７月末、１０月末、１月末に各担当で予測を作り、翌月の統計発表時に答え合わせを実施。この際、背景にある経済学的なロジックを理解し実践すること、データを自身で集め統計的に分析すること、分析の内容をわかりやすく報告することが各自の課題となる。　演習を通して、エクセル作業の習熟、コード（R)の作成、企業財務情報の理解、も目指す。　※状況に応じて、演習内容変更の可能性あり
経済学演習 I (安達剛),経済学を社会問題に応用する力を身に付ける。,,,ミクロ経済学は知識ではなく思考の型であり、社会や日常生活の現場で活用できなければ意味がありません。ミクロ経済学やゲーム理論の授業では理論を抽象的な形で学習していますが、それを「どこで」「どのように」使うのかという技術は、理論とは別に体系的に学習して身に付ける必要があります。この演習では、討議に重点を置いた理論テキストの輪読と、現実の社会問題についてのケーススタディ、そしてフィールドワークの３つを柱として≪ミクロ経済学・ゲーム理論を現場で使う技術≫を習得していきます。演習Ⅰでは、①問題をインセンティブ構造で捉える技術、②仮説を【発見・発明】に変える技術、③ミクロ経済学・ゲーム理論や統計学を使って独自の研究をする技術、の習得と習熟を目指します。ゼミ生同士の討議をメインとしたケーススタディと、研究計画の指導が中心になります。
経済学演習 I (大湾秀雄),日本の労働市場や雇用モデルの特徴を知り、ピープルアナリティクスの現状を把握する,,,輪読を通じて、日本の労働市場や雇用モデルの特徴や課題について学ぶ。また、Rを使った人事データ活用のためのEラーニング講座を受講して、Rの基本的操作に慣れてもらう。日本能率協会主催のプロジェクトベーストラーニング”Japan HR Challenge”に参加して、パートナー企業との話し合いを開始する。
経済学演習 I (星野匡郎),ミクロ計量経済学と機械学習,入門的な計量経済学の知識は前提とします．,,ミクロ計量経済学とは，個人や家計，企業などの個票データに関する計量経済手法のことを指します．本講義では，機械学習を含む先端的なミクロ計量経済学の学習に取り組みます．具体的な内容については，テキストの輪読，統計ソフトを用いた演習，グループでの論文執筆，論文・政策コンテストへの参加など，学生のレベルや希望に応じて決定します．
経済学演習 I (片山宗親),マクロ経済分析,,http://www.f.waseda.jp/mkatayamaゼミに関しての質問などは、mkatayama@waseda.jpまで送って下さい。よくある質問は、ココにまとめておきます。,本演習では、日本経済やアメリカ経済などを中心にマクロ経済に関する諸問題（金融政策やビジネスサイクルなど）に関するの基本的な知識や、必要な分析ツールの獲得を目指します。
経済学演習 I (齊藤有希子),空間経済学,,ミクロ経済学の基礎、経済数学の基礎を前提とする。空間経済学またはSpatial Economicsの講義を履修すること。,現実社会において、空間経済学がどのような示唆を与えうるのか、興味のあるテーマを設定するとともに、学術的な研究背景の理解を促す。新規性のある研究を行い、研究成果の発表、卒業論文を作成するための指導をする。
経済学演習 I (内藤巧),国際貿易論,発表者はランダムに当てられるので，全ての学生は常に発表の準備をし，章末問題を解いておかなければならない．理論の場合は発表スライドを用意する必要はない．,<https://www.f.waseda.jp/tnaito/>,"　国々はどのような財を輸出し，輸入するのか？人々は貿易から利益を受けるのだろうか？このような問題を扱う国際貿易論は19世紀以来多くの人たちの興味を引きつけてきたが，それを理解し，他人に説明できるまでに習熟するのは平均的な経済学科の学部生にとって非常に難しい．　国際貿易論が難しい1つ目の理由は，一般均衡モデルを考えなければならないからである．国際貿易は異なる産業の間で，あるいはある産業内の異なる製品の間で起こるものなので，必然的に2つ以上の財あるいは製品（そしてそれらの生産に使われる生産要素も）の市場均衡を同時に扱わなければならない．中級ミクロ経済学の授業でさえ不十分にしか触れられない生産経済の一般均衡モデルを，2つ以上の国がある経済で分析しなければならないのだから，理論的な難易度が高いのは当然である．　2つ目の理由は，国際貿易論の実証科学化である．より細かいデータの入手可能性とコンピューターの性能が高まり続けていく中で，国際貿易の理論はますます実証可能になってきている．しかしながら，理論と現実の距離を正確に測るためには，適切な計量手法を理解し，実装するスキルを身につけなければならない．　このように，国際貿易論に習熟するには多くの時間と努力が必要である．このゼミでは，I-IVの4学期にわたって，国際貿易モデル（完全競争モデルと不完全競争モデル）の理論と実証を「ゆっくり」「深く」学ぶ．より具体的には，奇数年度には完全競争モデル（リカード・モデル，ヘクシャー・オリーン・モデルなど），偶数年度には不完全競争モデル（クルッグマン・モデル，メリッツ・モデルなど）を扱う．春学期（演習I, III）には理論，秋学期（演習II, IV）には実証を行う．　前提条件として，演習Iの開始時点までに2年春学期配当「ミクロ経済学A」，及び演習IIの開始時点までに2年春学期配当「計量経済学」を履修するか，それと同等の知識を身に着けていることが必要である．"
経済学演習 I (小林和夫),グローバル経済史の研究ーアフリカと世界,,,私たちが生きている現在の世界は、どのようにして形成されたのだろうか。このような問いを考えるときのキーワードの１つが、「グローバル化」であろう。一般に広く浸透しているストーリーは、ヨーロッパ人（＋アメリカ人）を中心的アクターとするものであろう。そこでは、彼らの商業的・植民地主義的拡大は、アジアやアフリカの諸地域を自らの世界システムに「併呑」していく過程として捉え、他方で「併呑」された諸地域の人々は、「受動的な犠牲者」として描かれることが多かった。しかし、そのような解釈は、20世紀後半に「奇跡」と呼ばれた東アジアの経済成長、より最近のインドの経済成長、さらにはアフリカ諸国の経済成長をどれほど説明することができるのだろうか。現在の私たちが生きている世界で起きている変化は、昔ながらのヨーロッパ中心主義的歴史解釈に束縛されることなく、各地域のアクターの役割にも目を向けてみることの重要性を教えてくれているのではないか。そこで本演習では、最近出版された書籍をもとに議論を重ねながら、グローバル化の歴史的過程について理解を深めていきたい。具体的には、2020年度のプレ経済学演習では、アフリカと世界の経済的関係にかんするテキストを輪読する。
経済学演習 I (上條良夫),行動・実験経済学,入門的な統計学の知識及びゲーム理論の知識を前提とする。,,一連の演習（I～I V）は、実験経済学および行動経済学に関する卒業論文を執筆することを目標として実施されます。実験経済学の研究の花形である経済実験を利用した研究を遂行するには以下のような多様な能力が必要となります。（１）経済理論や他分野の理論に基づいて仮説・予測を構築する能力（２）仮説・予測を検証するための適切な実験計画を立てる能力（３）実験を準備し、遂行する能力（４）収集されたデータを解析する能力（５）一連の作業を言語化し論文としてまとめる能力一連の演習では、これらの能力を獲得するための学習に取り組みます。学習内容は、実験経済学・行動経済学・ゲーム理論のテキスト輪読に加えて、実際の研究データを題材としたデータ解析演習、先行研究を読み込んだ上での自分なりの仮説構築を目的としたグループワーク、実験実施の際に必要なマテリアルの作成演習などを含みます。もちろん、一人の個人がこれらの多様なスキルに熟達することは非常に困難です。そこで、学生の皆さんには、まずこれらの能力に関して一定水準のスキルを獲得した上で、それぞれの個性と希望に応じて、(A) 数理的な解析に基づいて仮説・予測を構築するグループ(B) 政治学・心理学・社会学などの他分野の理論から仮説・予測を構築するグループ(C) 実験用の資料やアプリを作成するグループ(D)データを解析するグループなどに分かれて活動してもらいます。詳細な内容やグループ分けは、学生の関心、習熟度などに応じて臨機応変に決定します。演習 I では、実験計画書（研究計画書）の執筆を目標とします。
プレ国際政治経済学演習 (久米郁男),,,,実証的な研究に基づくゼミ論文を作成するための方法論的な講義をオンデマンド形式の講義と、4年生ゼミの時間に適宜開催されるディスカッションにより行う。
プレ国際政治経済学演習 (齋藤純一),,下記のテキストを各自入手し、熟読しておいてください。,,現代政治理論の主要な概念(正義、自由、平等、コミュニティ、デモクラシー等)の諸構想(解釈)について基本的な理解をはかります。
プレ国際政治経済学演習 (清水和巳),「人間と社会の政治経済学」のための準備,,　学生に対する要望：　（１）質問がある場合、次のアドレス宛てにメールで問い合わせること：skazumi1961@gmail.com。　（２）担当教員の「比較経済制度分析」を受講済みであること、加えて、ミクロ経済学、ゲーム理論、統計学、科学哲学に関する基本的な知識があることが望ましい。まだ「比較経済制度分析」を受講していない場合は、来年度受講することを強く勧める。,　「不思議なものは多い。しかし人間ほど不思議なものはない」（ソフォクレス『アンチゴーネ』）　古代から現代に至るまで、人間はあらゆる学問分野で最大の謎であり続けてきた。社会科学はとりわけ人間と社会の関係に興味をもってきた。スミスは人間が利己的に行動しているにもかかわらず社会が破綻しないことを、ヴェーバーは資本主義という特殊な社会経済制度を支える人間が西欧という地域で生じたことを、マルクスは人間が作り出した社会が逆に人間を疎外していくことを不思議に思い、それぞれの謎に彼らなりの解答を用意した。とはいえ、こういう偉大な先達がとりくんだ大問題だけが謎なのではない。たとえば、海外旅行をしたときにあるレストランで食事をしたとしよう。「ここで食事することはおそらくもう二度とない」とわかっていても、われわれはチップを払う。実はこれも（ある観点からすると）人間と社会に関する謎なのだ。　本演習の目的は、人間の意思決定・行動、その結果として生じる社会制度に関する謎を自分でみつけ、そこに社会科学的に切り込む方法を学ぶことにある。その際、「自分」にとっては謎だが、他人にはなぜそれが解くべき謎なのかが理解できない、「自分」はその謎に答えたつもりだが他人は納得しない、こういう事態は避けたい。したがって、演習参加者は少なくとも以下の３点に関して自問自答してほしい。　■なぜ（どのような立場からすると）その問題を「謎」ととらえることができるのか？　■もし、その問題が本当に「謎」であるなら、それにどのように応答することが社会科学的と言えるのか？　■そもそも、社会科学的に思考するとはどういうことなのか？
プレ国際政治経済学演習 (須賀晃一),政治経済学・公共経済学のための計量分析,"次の科目の履修が不可欠である。",http://www.f.waseda.jp/ksuga/,今日の社会・経済問題の原因を探り、その解決策を探求することが、3，4年の専門演習である。専門演習3年次の目標は共同研究の実施と共同論文の執筆であり、4年次の最終目標は卒業論文の作成に置かれている。現代社会の問題を分析し政策提言を行うことが1つの目的となる政治経済学・公共経済学にあっては、近年の学問の発達や必要なデータの入手可能性の拡大により、理論的分析だけでなく統計的・計量経済学的分析が重要な研究手法となってきた。そのためのプレ演習では、統計学のテキストを読み、練習問題を解くことで、専門演習のための準備を行う。
プレ国際政治経済学演習 (深川由起子),現代東アジアの経済発展をどう考えるか,イントロダクションに応じた資料の輪読、ディスカッションの準備。,,本演習では日本とも関わりの強い東アジアをとりあげ、グローバル化が新興経済にもたらすチャンスやリスクを総合的に考えて行きます。その前提となる本科目ではまず、東アジアが他の新興国と比べた場合、どのような特徴を持つか、それはグローバル化とどう関係しているのか、イントロダクションとしての授業を行います。同時にレポートの数が多いことから、アカデミックな論文、レポートの書き方について実践的に復習します。
プレ国際政治経済学演習 (小西秀樹),経済学とデータで見る財政，社会保障の諸問題,,,来年度演習Iでの学習のための準備．
プレ国際政治経済学演習 (唐亮),現代中国の政治と外交,別途指示する,,本プレゼミは、３年次から国際政治経済学演習に参加するための準備期間として、現代中国が抱えている重大問題とは何か、専門家はいかなる視点・研究アプローチで現代中国の諸問題を捉えているか、学術研究をどのように進めるかを中心に初歩的な訓練を行う。
プレ国際政治経済学演習 (遠矢浩規),,,【重要】・本講義は「対面」で行います。ただし、コロナの状況次第では、対策のため、講義初回または途中回からオンライン授業（Zoomによるリアルタイム配信）に変更になる可能性があります。,2022年度の国際政治経済学演習（遠矢ゼミ）の受講予定者を対象に、研究計画の立て方等について入門的な指導を行います。毎週、３～４年生の演習（卒論中間報告及び卒論報告会）に参加してもらいます（時間割の都合上、参加できない場合には、録画を視聴してもらうか、別途、課題を課します）。履修者は最後に研究計画書（第１回）の提出を求められます。
プレ国際政治経済学演習 (戸堂康之),開発途上国・新興国・日本の経済発展,,担当教員のウェブサイト（http://www.f.waseda.jp/yastodo/）をよく読み、担当教員の研究内容、およびゼミ運営の方針（「戸堂研究室」のタブ）を理解しておくこと。,このプレ演習では、日本・新興国・開発途上国における経済発展について基本的な知識を得て、討論する。また、3年・4年の演習で行う国内でのインゼミに参加する。
プレ国際政治経済学演習 (野正樹),,,https://sites.google.com/site/masashigehamano/,本演習では、マクロ経済学、国際マクロ経済学、国際金融や、国際貿易論に関する文献（主に英語）を受講者とともに輪読する形式をとる。理論モデルの理解もさることながら、必要に応じて関連分野の計量分析を行う。
プレ国際政治経済学演習 (多湖淳),戦争と平和の科学を楽しく学ぶゼミ,特になし,オンライン（リアルタイムのZoom）で実施します。,オンライン（リアルタイムのZoom）で実施します。国際政治学（Scientific IR、Conflict and Cooperation）のゼミです。・楽しく学ぶが大原則。高みを目指そう。・アウトプットは英語で専門学術誌（ジャーナル）に投稿して問題ないレベルを目指しましょう。
プレ国際政治経済学演習 (高橋遼),,,,3年生の演習に向けて、アカデミックスキルや実証分析の基礎的な知識・技術の習得を目指します。特に、3年生で海外調査を実施するかは、プレ演習でのコミットメントで判断します。海外での調査や企業訪問の経験を得たい人、実証分析を学びたい人を募集します。海外での研修は、学生にとって、良い経験になると思いますので、なるべく実施したいと思っています。ただ、不勉強な学生や不真面目な学生、全く発言しない学生に対しては、そのような学習機会を提供する気はありません。ですので、海外研修を実施する条件として、演習へのコミットメントと勉強を求めます。ゼミは毎週実施し、それに加えて学生主体のサブゼミを実施してもらいます。
国際政治経済学演習 I (久米郁男),政治現象分析の技法: 原因を推論する,ゼミがスタートするまでに、統計ソフトを使って重回帰分析が出来るようになっていることを前提にゼミを進行します。プレ演習では、統計分析の手法についての実習を行います。事前の統計的知識は不要です。,ゼミに関するより詳しい内容については以下のホームページに記載されています。応募前に必ず参照して下さい。なお、応募者は応募締め切りまでにA4一枚程度の自己紹介をkumezemi@gmail.comに送ってください。http://kumezemi.html.xdomain.jp/course.html,　この演習の目標は日常起こっている様々な現象を政治学的に考える訓練を行うことにあります。政治的な紛争というものは、紛争当事者が理性的に話し合えば解決できるのでしょうか？人道的援助は、世界を平和にするのだろうか？政策のことをしっかり考えて皆が投票すればよい政治が実現するのでしょうか？経済が成長すれば、民主化するのでしょうか。新聞やテレビでの「常識」とは少し違う角度から様々な政治経済現象を見ることによって政治学の世界を学びます。　扱う対象は多様ですが、政治学とりわけ実証的･経験的な政治学における分析方法を学び、様々な政治現象が何故生じているのかを説明する能力を磨いてもらいます。なお、ゼミがスタートするまでに統計ソフトを使って重回帰分析が出来るようになっていることを前提にゼミを進行します。プレ演習では、そのための実習を行いますが、事前の統計的知識は不要です。3年生は、4年生ゼミにも参加することを求めます。また、4月に行う春ゼミ合宿と、８月後半に２泊３日で行う夏合宿は、ゼミの重要な一環ですので、それへ参加できることが受講の条件となります。
国際政治経済学演習 I (齋藤純一),　近現代の政治理論,あらかじめテキストを読み、内容の理解をはかるとともに、疑問点などを特定すること。,,　このゼミでは、自由、平等、公共性、デモクラシー、社会保障、社会統合など近現代の政治理論の主要なテーマを取り上げてきました。　ゼミの前半のパートでは、政治理論の重要な文献を取り上げ、その理解をはかるとともに、提起された論点について議論します。　この数年間に読んだのは、H. アーレント、J. ロールズ、F. ハイエク、L. ホブハウス、J. S. ミルらの著作です。　毎回のゼミの後半は、メンバーによる個人研究報告にあてています。個人研究報告は問題関心の共有をはかるとともに演習論文執筆の準備として行われます。
国際政治経済学演習 I (清水和巳),　人間と社会の政治経済学,,　学生に対する要望：　（１）質問がある場合、次のアドレス宛てにメールで問い合わせること：skazumi1961@gmail.com。　（２）担当教員の「比較経済制度分析」を受講済みであること、加えて、ミクロ経済学、ゲーム理論、統計学、科学哲学に関する基本的な知識があることが望ましい。まだ「比較経済制度分析」を受講していない場合は、来年度受講することを強く勧める。,　「不思議なものは多い。しかし人間ほど不思議なものはない」（ソフォクレス『アンチゴーネ』）　古代から現代に至るまで、人間はあらゆる学問分野で最大の謎であり続けてきた。社会科学はとりわけ人間と社会の関係に興味をもってきた。スミスは人間が利己的に行動しているにもかかわらず社会が破綻しないことを、ヴェーバーは資本主義という特殊な社会経済制度を支える人間が西欧という地域で生じたことを、マルクスは人間が作り出した社会が逆に人間を疎外していくことを不思議に思い、それぞれの謎に彼らなりの解答を用意した。とはいえ、こういう偉大な先達がとりくんだ大問題だけが謎なのではない。たとえば、海外旅行をしたときにあるレストランで食事をしたとしよう。「ここで食事することはおそらくもう二度とない」とわかっていても、われわれはチップを払う。実はこれも（ある観点からすると）人間と社会に関する謎なのだ。　本演習の目的は、人間の意思決定・行動、その結果として生じる社会制度に関する謎を自分でみつけ、そこに社会科学的に切り込む方法を学ぶことにある。その際、「自分」にとっては謎だが、他人にはなぜそれが解くべき謎なのかが理解できない、「自分」はその謎に答えたつもりだが他人は納得しない、こういう事態は避けたい。したがって、演習参加者は少なくとも以下の３点に関して自問自答してほしい。　■なぜ（どのような立場からすると）その問題を「謎」ととらえることができるのか？　■もし、その問題が本当に「謎」であるなら、それにどのように応答することが社会科学的と言えるのか？　■そもそも、社会科学的に思考するとはどういうことなのか？
国際政治経済学演習 I (須賀晃一),　公共政策の政治経済学－公共性の実現に向けて,"ミクロ経済学、マクロ経済学、統計学、政治分析、公共哲学、経済政策を復習しておいてください。",　3年ゼミの目標をISFJ学生政策フォーラムに提出する政策提言論文と、政経論文コンクールに提出する学術論文を執筆作成に置きます。　ゼミは通常の一方向的な講義と異なり、皆さんが主役です。主役たる皆さん一人一人が積極的に参加しなければゼミは崩壊します。自分なりのテーマを持って自分で研究する態度を養い、他の人とできるだけ議論して下さい。常に「根拠は何か」と問う姿勢を持つことが大切です。この作業が就職してから大いに役に立ちます。　関連URL：　http://www.f.waseda.jp/ksuga/,　このゼミでは、現代社会が抱えるさまざまな問題を政治経済学・公共経済学・公共哲学・厚生経済学の視点で考え、解決策としての公共政策を提案してみたいと思います。日本だけでなく、国際社会や地域、あるいは各国が抱える問題の多くは特定の観点から解決できるものではなく、複眼的視点に立って公共性の実現を目標に解決のルートを探るべきものであると考えられます。これまでに繰り返し指摘されてきた効率と公平の両立を図ることは公共政策における重要な観点であり、皆さんに学んでいただけなければならない最小限の視点です。そして、効率と公平を各国の政治経済システム全体の中で、また歴史的、時間的パースペクティブの中で考察することも重要な課題です。さらには国家や地域を越えた空間的広がりの中で、効率と公平の両立を図るシステムについて考えることも必要です。効率・公平・自由・平等を重要な構成要素とする公共性の実現を、各人の問題領域における政策的対応を通じて図ること、これをゼミの課題としたいと思います。具体的なテーマの例として以下のものを挙げることができるでしょう。１．地球環境問題と世代間倫理２．地域振興・産業振興の公共政策３．少子高齢化と社会保障４．貧困と不平等５．資源・食料・エネルギーの政治経済学６．教育の政治経済学７．医療の政治経済学８．都市と交通の政治経済学　これらの問題に対して、効率や公平などの明確な価値基準を設けて、公共政策や公的制度を作るとか、当事者間の合意によりルールを設定することで解決するといった方向を探るのが、このゼミで用いる接近方法の特徴です。　ゼミでは、まず現代社会の問題群の中から自分なりのテーマを決めます。そして、それに応じて課題図書を指定します。３年のゼミ開始までに課題図書の書評を作成し、ゼミの開始時に発表してもらいます。書評の作成が春休みの宿題となります。プレ演習では公共経済学・計量経済学・統計学の基礎知識を修得してもらうために、テキストを読み練習問題を解いてもらいます。３年次の授業が始まると最初に、春休みにやっていただいた書評の発表を行います。続いて、計量経済学のテキストを輪読します。これが共同論文を執筆していくために必要な共通の知識になります。　その後、グループ研究を行います。各人の選んだテーマに従ってグループを作り、グループごとにサブテーマを決めて資料収集し議論・研究し、発表原稿を作成します。必要に応じて指定する中級・上級のテキストや、そこでの参考文献となった様々な論文が資料収集の際に指針を与えてくれるでしょう。発表グループが進行役となり、ゼミでの議論を進めてもらいます。グループごとの共同研究の成果は共同論文にまとめます。
国際政治経済学演習 I (深川由起子),現代東アジア政治経済研究：変容するグローバリズム下の新興経済を考える,　毎回の発表準備と共に、課される参考文献を読んでレポートを作成。フィードバックを見ながら修正して次回には再提出する。,,東アジア（本演習では韓国や台湾などのNIEs、中国、ASEAN及びその周辺としてのインドまでを主として扱う）はラ米や中近東などと比較しても伝統的にその「多様性」が強調される地域で、経済発展においても同様であった。他方、新興国としては比較的グローバリゼーションの受容に積極的であったことから、開放的な貿易や投資を通じた経済発展は1990年代から2000年代にかけては「東アジアモデル」として一般化され、他国の開発にも大きな影響を与えた。しかしながら、東アジアが震源地となった1990年代末の通貨危機は何とか乗り越えたものの、その後も世界経済は安定せず、開放性故にその影響が大きい。地域統合が制度的にも実質的にもEUほど高いレベルにないため、地域統合はグローバル化の負の側面からの十分なバッファーになっていない。結局、先進国入りを果たせたのはNIEsのみで、ASEANや中国の一部についてさえも貿易/直接投資主導型成長の限界や、内部要因による「中進国の罠」が取り沙汰されている。少子高齢化といった人口動態の変化や地政学上の機会とリスクの浮上、通貨危機に端を発した社会の求心性弱体化などもあり、「東アジアモデル」は再び「多様性」に回帰する面がある。本演習は政治と経済が現実に出会う場として、また日本経済が大きな利害を共有する東アジアを取り上げ、伝統的な経済発展メカニズム（「東アジアモデル」）と、「中進国の罠」に象徴されるその限界、変容、改革課題について議論を進める。東アジアの経済発展はグローバリゼーションと不可分で、現実が理論に先行しがちな点も少なくないが、とりわけⅠでは新たな理論の知見と現実との接点を意識しながら「東アジアモデル」とはなのか、基礎知識や分析ツールを身につけながら考察を進める。
国際政治経済学演習 I (小西秀樹),経済政策の理論と実証,,小西研究室のウェブサイトを見てください．http://www.f.waseda.jp/h.konishi/index.html,秋学期からの演習IIで実証論文を読みこなしていくために，演習Iでは，計量経済学の基礎を学び，データを用いた実習を行う
国際政治経済学演習 I (唐亮),現代中国の政治経済と外交戦略,,夏休みに自主参加の形で北京大学などとの共同セミナ、庶民生活の体験および社会観察などの自主参加プログラムを実施する,戦後のアジア各国は歴史、文化および政治経済体制に関して多様性を持ちながら、国家統合、経済開発および民主化といった共通の課題を抱え、それぞれのアプローチで目標の実現に向けて努力してきた。この講義は諸外国、特にアジア各国との比較分析を用いながら、中国は改革開放路線によっていかにダイナミックな発展を遂げているか、政治経済体制と中国モデル・発展戦略をどう見るか、経済成長の「光」と「影」とは何か、社会衝突はどのように展開されているか、情報化や意識の多様化が進む中で中国政治はどのように変容しているか、台頭する中国と欧米主導の国際秩序はどのような関係にあるかを検証し、中国の「実像」と「将来像」に迫る。 
国際政治経済学演習 I (遠矢浩規),国際政治経済学：「理論の習得」と「事例分析」,,【重要】上記「授業概要」欄に記載の情報は、2021年度ゼミの「対面」実施方針が学部で決定される以前のものです（「授業概要」欄は記載内容の修正がシステム上できません）。その後、政経学部では2021年度のゼミを「対面」で実施することが決定されたため、実際に「対面」で行われることになった場合は、例年通り、輪読または共同研究を行うこととします（テーマについては別途ゼミ生に連絡します）。ただし、コロナの状況次第で再びオンラインでの実施に方針が戻された場合には、上記「授業概要」欄の通りとします。,（１）　本ゼミでは例年は特定のテーマを決めて輪読または共同研究を行っていますが、2021年度については、ゼミが引き続きオンライン中心になる可能性があることも考慮して、以下の方法・内容で行うことにします。なお、対面授業の全面再開など、状況が著しく変わった場合には、適宜、ゼミの方法・内容を変更する可能性があります（たとえば、共同研究、ゼミ合宿の実施など）。（２）　春期は、「理論の習得」をメインとします。毎回、一つか二つ程度、国際政治経済学（または国際政治学、国際経済学、国際社会学など関連分野）の特定の「理論」を取り上げて、報告とディスカッションを行います。進め方は、①事前に、指定されたコンテンツ（講義科目「国際政治経済学」のオンデマンド動画、論文、専門書のチャプターなど）を学習して、疑問点・事例・その他コメントを各人が整理しておき、②ゼミ当日、報告者が概要説明と問題提起を行い、続けて全員でディスカッションを行う、というやり方にします。（３）　秋期は、春期に習得した理論を実際に用いて、各人が、国際問題の「事例分析」を行います。１年後の卒論制作に向けた、個人研究のスタートアップ的な意味合いがあります。取り上げる「国際問題」は、各人の関心に応じて決めることができます（必ずしも「国際政治」や「国際経済」の問題である必要はなく、「国際的」な側面があれば、文化、歴史、社会、法律、経営、生態系、その他、領域はなんでも構いません。自分自身が「ワクワクできる」テーマを選ぶことが重要です）。リサーチ・クエスチョンの発見、先行研究のリサーチ、仮説の設定、理論の選定、データや資料の収集、仮説の検証、といった作業を各人のペースで行い、その中間報告的なプレゼンテーションをゼミの場で行うことになります。
国際政治経済学演習 I (戸堂康之),開発途上国・新興国・日本経済の発展と強靭化,,担当教員のウェブサイト（http://www.f.waseda.jp/yastodo/）と添付ファイルをよく読み、担当教員の研究内容、およびゼミ運営の方針を理解しておくこと。,この演習では、経済成長論、国際経済学、開発経済学を主たるツールとして、日本・新興国・開発途上国における経済発展や経済の強靭性について学び、研究する。定量的な実証的研究に重点を置くため、理論的研究、定性的な実証研究を研究したい学生には受講を勧めない。例えば、以下のようなテーマに興味を持つ学生に最適だと考えられる。●　グローバル・バリューチェーンの拡大は日本企業にどのような影響があるか●　災害の経済被害に対してどのような支援が有効か●　途上国における農村や零細企業の発展はどのようにして達成できるか●　開発援助は途上国の人々の生活向上に効果があるのかこの演習は以下のようなスケジュールで進む。I （3年春学期）：データ分析手法の学習・演習II （3年秋学期）：データ分析に関する英語論文講読・同様の手法を使った演習III・IV （4年）：卒論のテーマを決め、関連する既存研究を発表し、データを収集して分析する。いくつかのインゼミで発表した後、卒論を作成する。3年次の年度末および卒業時には論文の提出を義務付け、最終的には質の高い卒業論文を書くことが最大の目標である。なお、毎年韓国において日本と韓国の主要大学とのインターゼミナールを、日本において本学英語プログラムおよび慶応大学の開発経済系ゼミとのインターゼミナールを行う。韓国でのインゼミは希望者のみで行うが、本学英語プログラムおよび慶応とのインゼミは全員が出席し、特に4年生は全員が卒論を発表する。韓国でのインゼミ、本学英語プログラムとのインゼミは英語で行う。夏休み期間中に、途上国などで現地調査、企業訪問などを行うことがある（希望者のみ）。
国際政治経済学演習 I (野正樹),国際マクロ経済学,,https://masashige-hamano.webnode.jp/,本演習では、国際マクロ経済学、国際貿易論、国際金融論等におけるトピックスを様々な角度から実習を通じて学ぶ。前提としてマクロ経済学、国際金融論、国際貿易論等についての授業を履修していることが望ましい。ゼミ論文を作成し、冬に他大学とのインゼミにおいて発表することを一つの目標とする。
国際政治経済学演習 I (多湖淳),戦争と平和の科学を楽しく学ぶゼミ,特になし,本授業は、現時点で全回Zoomを用いたオンライン（リアルタイム）で実施する予定です。状況が許せば、教室での一部開催も考えられますが、その場合でもZoomでの参加ができるようにいたします。,国際政治学（Scientific IR、Conflict and Cooperation）のゼミです。・楽しく学ぶが大原則。高みを目指そう。・アウトプットは英語で専門学術誌（ジャーナル）に投稿して問題ないレベルを目指しましょう。
国際政治経済学演習 I (高橋遼),開発経済学,,,本演習では、開発経済学で扱う社会問題、課題について、実証分析を行い、学生の視点からの政策提言を行うことを目的とする。学生は、本演習を履修する段階で、実証分析の基礎を理解している必要がある（プレ演習の期間に習得すること）。参加は任意であるが、学生の学習意欲が高いと判断した場合、開発途上国でのフィールド調査を実施する。対象国として、インドネシア、ベトナム、もしくはエチオピアを想定している。自らで集めたデータを用いて、実証分析を行い、結果を解釈し、分析結果に基づく政策提言を行う。
プレジャーナリズム・メディア演習 (齊藤泰治),ジャーナリズムの視点からの中国研究のための準備,さまざまな参考文献を紹介するので、それらを読みこなすこと。,,ジャーナリズムの視点からの現代中国研究に必要な方法論を学ぶ。こちらで課題を出し、レポートを作成してもらう。できれば秋学期の間に1～2回集まってもらい、レポートの内容などについて説明を行いたい。
プレジャーナリズム・メディア演習 (瀬川至朗),次世代ジャーナリズムの研究と調査取材・ルポルタージュの実践,,ゼミ合宿（研修旅行）を実施します（2016年9月＝金沢、2017年9月＝沖縄、2018年9月＝福島、2019年9月＝沖縄）。ゼミ活動の一環として全員参加を原則とします。,【現実の課題と次世代ジャーナリズムの模索】ジャーナリズムは何のためにあるのか。Kovachらは「ジャーナリズムの第一の目的は、市民にたいして自由と自治に必要な情報を伝えることだ」（The Elements of Journalism）と指摘する。市民の「知る権利」に応え、成熟したな議論に必要な真実に迫り、伝えていくことがジャーナリズムの役割である。しかし現実には、政府のプロパガンダを無批判に伝えるマスメディアの発表報道がはびこり、視聴率重視のテレビ報道がメディア不信を醸成する一因となっている。ネット社会もメディアの変革を迫っている。フェイクニュースも直面する課題である。信頼できる、新しいジャーナリズムのあり方が模索されている。【演習全体の目標】本演習（Ⅰ～Ⅳ）は、基本的な文献講読をつうじ、デジタル時代のジャーナリズムの機能と課題について理解を深め、新しいジャーナリズムに必要な要素について考える、また、ジャーナリズムの実践として、さまざまな社会問題について受講生が能動的な問題意識をもって調査・取材に取り組む力を身につけ、一般読者を対象とする調査取材記事やルポルタージュ（映像作品も可）の制作をめざす。人数は限られるが、卒業論文を書く学生も受けいれる。【ファクトチェックとデジタル・ジャーナリズムの実習】フェイクニュースなどの不確かな情報を検証するファクトチェックや、デジタル時代に必要なスキルとしてデータジャーナリズムの手法なども学ぶ。【ゼミウェブマガジンWaseggへの掲載】各演習で制作した記事・映像作品やファクトチェック記事はゼミ生のウェブマガジン『Wasegg』(http://wasegg.com)に随時掲載する。【プレ演習】　演習Ⅰ～Ⅳの入門編と位置づけ、文献購読と取材・記事執筆の入門授業を実施する（下記の授業計画を参照のこと）。後半クオーターの計6～8回（木曜5限を予定）。＜参考：社会問題の例示＞社会問題としては、以下のようなものを例示できる＝格差と貧困、LGBT、メディア・ジャーナリズムの諸問題、フェイクニュース、ファクトチェック、若者と政治、高齢者問題、医療介護、人口減社会、外国人と日本社会、原発問題、震災復興、沖縄基地問題、環境問題など（あくまで例示であり、これらにこだわる必要はない）※本授業は、対面授業を基本としつつ、数回はオンライン授業（リアルタイム配信）として実施します。全体で5～6回の予定。
プレジャーナリズム・メディア演習 (中村理),ゼミのことはじめ：内容分析の体験,"・　テキストを読む回では、履修者は毎回、事前にテキストを読み、問題を作ったり問題に答えたりします。",備考・関連URLhttps://semi.on-w.com/https://twitter.com/nakamura_semi# 本プレ演習は教場で実施します。（2021年度は木曜5限、水曜5限、水曜6限のいずれかの予定です。詳細は教員に問い合わせてください。）# このプレ演習の単位を取得することが、中村理の3年次以降の演習で単位を得る要件です。このプレ演習を選択した上で単位を取得できなかった場合は、3年次以降の中村理の演習で単位を取得することはできません（※ゼミ選考が遅れたり留学したりし、プレ演習を履修する機会がなかった場合をのぞきます）。# ゼミ発表会を第16週におこなう予定です。レポート評価のうち発表にかかるものはそこでおこないます。,当科目は3年次以降に中村理のジャーナリズム・メディア演習を履修する上で基本となる協調活動のスタイルに触れながら、内容分析の基本を体験することを目的とします。そのために、8回のあいだにテキストを読んだり（前半）、チームに分かれてプロジェクトに取り組んだり（後半）します。そして、9回目に発表をします。当演習では基本的に、ゼミ生同士が教え協力して、学びもプロジェクトも進めます。この活動は教場で行います。みなさんの積極的な参加をお待ちしています。
プレジャーナリズム・メディア演習 (土屋礼子),メディアに関する文献購読,,三年以降の演習で土屋ゼミで学ぼうと思う人は、必ず履修すること。ゼミ専攻においては、プレゼミ履修者を優先し、その受講状況を考慮する。基本的には、教室での対面講義を考えており、時間割としては、木曜日五限を予定している。,ジャーナリズム、コミュニケーション、メディアについて考え、論じるための基本的文献を一緒に読み議論する。
プレジャーナリズム・メディア演習 (高橋恭子),ジャーナリズムの現在と未来～映像ジャーナリズムを中心に,課題図書および映像の課題映像視聴,URL: Action! From Critical to Creative 　高橋恭子ゼミ　http://www.waseda.jp/sem-kytwaseda/index.htmlゼミ紹介　https://www.waseda.jp/fpse/pse/news/2017/12/11/8269/,私たちは、インターネットによって新たなコミュニケーションの場や機会を生み出し、情報収集することで知識を集積することができる。しかし、同時にネット上にはデマ、偽情報、流言が飛び交い、現代は真実が犠牲にある「ポスト真実の時代」といわれる。フェイクニュースに立ち向かう対抗策としてのメディア・リテラシーが注目されているが、多くの場合、メディアの倫理的な活用という意味でとらえられ、メディアの問題を市民の側から批判的かつ多角的に見る視点が欠如している。本ゼミでは、メディア・リテラシーに、情報の真偽を見分ける「ニュース・リテラシー」や「ファクトチェック」といった新たなリテラシーの要素を複合させ、デジタル時代に相応しいワークショップを再構築すると同時に、映像メディアに見られる問題を提起し、映像メディアの現在、未来を検証する。授業は理論と実践の両面からジャーナリズムにアプローチするクリティカルからクリエィティブな流れをデザインする。具体的には、１．講義と討論「映像メディア検証」、２．学生によるメディア分析、３．学生による取材・調査・映像撮影４．次世代ジャーナリズム関連書の購読、５．成果物（文章、映像、写真、Web等）の制作・発表・評価から構成する。映像メディア分析では、メディア・リテラシー研究の分析手法を採用し、Ⅰメディア・テクスト、Ⅱオーディエンス、Ⅲテクストの生産・制作の３つの領域から考察する。2021ｍ年度は対面授業を実施したい。オンラインになっても、原則、授業内容は変えずに実施する予定である。　本演習では、主体的に授業に参加し、自らの意見を根拠をもって主張し、かつ意見交流をできる基礎を形成することを目的とする。
ジャーナリズム・メディア演習 I (齊藤泰治),ジャーナリズムの視点からの中国研究Ⅰ,一週間単位で中国に関する報道、ニュースを調べ、関連する資料によって理解を深めて演習に臨むことを基本とする。具体的な内容については初回のオリエンテーションで説明する。,,本演習は「ジャーナリズム・メディア演習」として設置されており、中国に関してジャーナリズム的な視点から研究することを目的とする。具体的には、中国に関する報道を通して中国を研究するという側面と、ジャーナリズム、報道について研究するという側面を含む。このような研究を行うためには、中国の政治、社会、文化、歴史をはじめとする諸分野に対する旺盛な関心と知識が必要であると同時に、グローバルな視点からジャーナリズム、報道に関する研究を行うことが必要となる。基礎となる文献を読み、具体的な報道事例等を通してジャーナリズム的視点から中国研究を進めるための方法論を組み立てていく。
ジャーナリズム・メディア演習 I (瀬川至朗),次世代ジャーナリズムの研究と調査取材・ルポルタージュの実践,,ゼミ合宿（研修旅行）を予定しています（2016年9月＝金沢、2017年9月＝沖縄、2018年9月＝福島、2019年9月＝沖縄、2020年9月＝中止）。実施する場合は、ゼミ活動の一環として全員参加を原則とします。,【演習全体のねらい】ジャーナリズムは何のためにあるのか。Kovachらは「ジャーナリズムの第一の目的は、市民にたいして自由と自治に必要な情報を伝えることだ」（The Elements of Journalism）と指摘する。市民の「知る権利」に応え、成熟したな議論に必要な真実に迫り、伝えていくことがジャーナリズムの役割である。しかし現実には、政府のプロパガンダを無批判に伝えるマスメディアの発表報道がはびこり、視聴率重視のテレビ報道がメディア不信を醸成する一因となっている。ネット社会もメディアの変革を迫っている。フェイクニュースも直面する課題である。信頼できる、新しいジャーナリズムのあり方が模索されている。【演習Ⅰ～Ⅳでおこなうこと】本演習では、基本的な文献講読をつうじ、デジタル時代のジャーナリズムの機能と課題について理解を深め、新しいジャーナリズムに必要な要素について考える、また、ジャーナリズムの実践として、さまざまな社会問題について受講生が能動的な問題意識をもって調査・取材に取り組む力を身につけ、卒業論文（卒業作品）として、調査取材記事やデータ分析記事、ルポ、映像作品の制作をめざす。人数は限られるが、論文形式をめざす学生も受けいれる。◎ファクトチェックとデジタル・ジャーナリズムの実習「フェイクニュース」などの不確かな情報を検証するファクトチェックや、デジタル時代に必要なスキルとしてデータ・ジャーナリズムの手法を学ぶ。◎ゼミウェブマガジンWaseggへの掲載各演習で制作した記事・映像作品やファクトチェック記事はゼミ生のウェブマガジン『Wasegg』(http://wasegg.com)に随時掲載する。【演習Ⅰの概要】　文献講読と実習の両面で基礎力を養う。文献講読では、ジャーナリズムの機能と課題について理論的に学ぶとともに、「フェイクニュース」の実情やファクトチェック活動についても理解を深める。実習では、取材方法の基礎を学び、地域や大学、人物に焦点をあてた企画記事を制作する。また、デジタル・スキルの基礎を習得し、政治言説やネット情報のファクトチェックの実践をおこなう。時間的に余裕があれば、演習Ⅱでのグループ取材を想定し、取材テーマにしたい具体的な社会問題について調査し、取材の準備を進める。【※ファクトチェック関係は主にサブゼミでおこなう予定】＜参考：社会問題の例示＞社会問題としては、以下のようなものを例示できる＝新型コロナの問題、格差と貧困、LGBT、メディア・ジャーナリズムの諸問題、フェイクニュース、ファクトチェック、若者と政治、高齢者問題、医療介護、人口減社会、外国人と日本社会、原発問題、震災復興、沖縄基地問題、環境問題など（あくまで例示であり、これらにこだわる必要はない）
ジャーナリズム・メディア演習 I (中村理),内容分析を中心に用いたメディア・メッセージの実証研究（演習I：ヒューマン・コーディング／演習II：コンピュータ・コーディング）,当演習は反転授業を取り入れています。授業後は次の授業に向けた準備を各自がおこない、教場では時間と場所をチームのメンバーと共有するメリットを活かして協調学習やチームワークに取りくみます。たとえば、論文を読む際には事前に読んだり演習問題に取り組んだりし、当日に教場で発表と議論をします。チームワークではその日までの進捗に応じて次までの目標をチームが自ら立て、それを持ちよって次の授業をすすめます。,https://semi.on-w.com/https://twitter.com/nakamura_semi研究は主に、学生であるみなさん自身が次までの課題を決めて宿題を持ちより、メンバーと議論をしながらチームで協調的に作業をすることによって進めます。理科でいえば「実験」のようなもので、机上で考えるだけでなく、ポジティブなコミュニケーションで人と協働しながら手を動かし、自分なりのデータを分析してみたいという方に向いています。これまでの主題例は最新のものも含めて関連URL記載のサイトから見ることができます。あなたはPCやプログラミングに習熟している必要はありません。苦手な方でもできる内容をこころがけてデザインしています。逆に、RやPythonでプログラミングをしたい方にはサブゼミ・卒論で個別に指導することも可能です。ゼミ全体の流れは次の通りです。（１）まず、内容分析を使ってどういった研究ができるのかをプレ演習から演習Iにかけて学びます。同時に、プレ演習では内容分析の体験をします。（２）演習Iではヒューマン・コーディングの手法を学びながら、それを用いた調査プロジェクトをチームごとに実演します。（３）同様に、演習IIではコンピュータ・コーディングの手法を学びながら、それを用いた調査プロジェクトをチームごとに実演します。（４）演習III～IVは、卒業論文の作成を前提に進めます。ここではチーム内で主題を共有しながら、そのもとで一人ひとりが独立したプロジェクトに取り組みます。たとえば原発報道というチーム主題のもとで、あるものは新聞に取り組む、あるものはTVに取り組む、などです。それらの結果を卒業論文にまとめ、年度末に報告します。（５）演習I～IVにかけては、並行して前後いずれかの時間にサブゼミを実施します。その中では、マス・コミュニケーション理論とジャーナリズム史、論文執筆法、エクセルの使い方、コンピュータ・コーディングの詳細、データ分析法といった基礎的スキルを学びます。（６）また、各学期に2度ほど、サブゼミの時間にメディア・職業人ワークショップをおこないます。春学期、秋学期演習とも、第16週に発表をおこなっています。,本演習は、内容分析という手法を使ってメディアの送り出す情報を実証的に分析することを目標にしています。あなたはメディアを通じて得る情報に疑問を持ったことはないでしょうか。たとえば、原発報道はどういった経緯を経て今にいたっているのか、経済問題に報道は一貫した姿勢で対処してきたのか、CMやドラマにあらわれるジェンダー観は時代とともにどう変わってきたのか、などです。こうした疑問のもととなる情報（メッセージ）は、日々、新聞やテレビ、インターネットなどから大量に発信されています。そこにはどういった特徴や傾向があり、その背後には発信者のどういった情報選択があるものでしょうか。本演習では、こうしたあなたの興味を分析していきます。分析の主題は政治でもジェンダーでも文化でも構いません。また、対象は報道でも映画でもコマーシャルでもSNSでも構いません。マス・コミュニケーション上あるいはジャーナリズム上の興味をもって、メディアに流れる情報をぜひ実証的に・科学的に分析してみましょう！そのために、本演習では内容分析という手法を学びます。内容分析とは、単に内容を分析するという抽象的なものを指すのではありません。どういう手順で何をするかが決まっている、ある科学的な分析手法の名称なのです。この内容分析では、メッセージの内容をコード（記号）化して分析します。たとえば、議題・争点を「政局」「政策」に分類したり、登場人物を「政治家」や「専門家」といったコードに分類したり、論調を「ポジティブ」や「ネガティブ」といったコードに分類したり、です。そして、それらコードが何回あらわれるかを数えるなどし、発信される情報を量にして、情報の特徴をとらえていきます。こうすることで、流れる情報を客観的に扱えるようにします。コード化には主に2つの技法があります。当演習では（１）学部3年次前半にヒューマン・コーディングという技法を、（２）後半にコンピュータ・コーディングという技法を学び、4年次に卒業研究に取りくみます。内容分析は、マス・コミュニケーションやジャーナリズム研究によく使われるほか、企業が顧客のクチコミを分析してマーケティングに役立てることにも利用されています。この手法を使って、ジャーナリズム、マス・コミュニケーション、あるいはメディア上の課題やあなたの疑問に挑みましょう。あなたの興味とやる気を、ぜひ具体的な形にしてみてください！この演習では、一つの主題や目標を複数の受講者が共有し、チームで議論をしながら協調的に作業を進める活動を主体にしています。これにより、専門性を深めるだけでなく、チームの中で目標を共有し、困難に面したときに助け合ったり責任を分担したりして解決する経験をつんでみましょう。この経験は、将来、あなたが専門課程で研究を行ったり、職場で同僚と協調的に仕事をしたりする際に必ず役に立ちます。そして、簡単なようでなかなかそうではない実証的な調査・研究というものをぜひ経験してください！　これは大学にいればこそできるものです。
ジャーナリズム・メディア演習 I (土屋礼子),　近現代史におけるメディアとプロパガンダ、およびジャーナリズム,,基本的には教室での対面講義を行う。積極的な質疑応答、議論を評価します。,　近現代の日本および欧米におけるメディアとジャーナリズムの発達の経緯を理解し、検閲制度をはじめとする政府との関係、政治家とジャーナリズムの関係、世論を動かすためのプロパガンダという思想がどのように展開してきたかを、実証的に学び議論する。また、実際にメディアやジャーナリズムに関係した人々にインタビュー調査や資料探索を行ない、メディアの歴史や、メディアに対するアプローチのしかた、メディアの分析のしかたに関する知見を深め、年度末には各自が卒論テーマを見いだせるよう研究をすすめる。なお、2021年度は、新聞社社会部記者のOBにインタビュー調査する予定である。
ジャーナリズム・メディア演習 I (高橋恭子),ジャーナリズムの現在と未来～映像ジャーナリズムを中心に,文献やニュース番組分析を通して、メディアをクリティカル分析する力を養う。この経験から、自らテーマを設定し、取材活動を行う。取材した内容は、ゼミのサイトなどで原稿や映像として発表する。,映像制作のための技術を身につけたい場合は、グローバルエデュケーションセンター開講の副専攻「ジャーナリズムとメディア表現」の「映像芸術表現」「制作プロジェクト研究」の映像系科目を受講することをお薦めします。　関連URL：　ゼミサイトは「Action! from critical to creative」http://www.waseda.jp/sem-kytwaseda/facebook「高橋恭子ゼミ」ゼミ紹介https://www.waseda.jp/fpse/pse/news/2017/12/11/8269/原則、３、4年合同で木曜日の４，５時限に実施します。卒論や3年生のプロジェクトのまとめ時期には別に実施することもあります。,私たちは、インターネットによって新たなコミュニケーションの場や機会を生み出し、情報収集することで知識を集積することができる。しかし、同時にネット上にはデマ、偽情報、流言が飛び交い、現代は真実が犠牲にある「ポスト真実の時代」といわれる。フェイクニュースに立ち向かう対抗策としてのメディア・リテラシーが注目されているが、多くの場合、メディアの倫理的な活用という意味でとらえられ、メディアの問題を市民の側から批判的かつ多角的に見る視点が欠如している。本ゼミでは、メディア・リテラシーに、情報の真偽を見分ける「ニュース・リテラシー」や「ファクトチェック」といった新たなリテラシーの要素を複合させ、デジタル時代に相応しいワークショップを再構築すると同時に、映像メディアに見られる問題を提起し、映像メディアの現在、未来を検証する。授業は理論と実践の両面からジャーナリズムにアプローチするクリティカルからクリエィティブな流れをデザインする。具体的には、１．講義と討論「映像メディア検証」、２．学生によるメディア分析、３．学生による取材・調査・映像撮影４．次世代ジャーナリズム関連書の購読、５．成果物（文章、映像、写真、Web等）の制作・発表・評価から構成する。映像メディア分析では、メディア・リテラシー研究の分析手法を採用し、Ⅰメディア・テクスト、Ⅱオーディエンス、Ⅲテクストの生産・制作の３つの領域から考察する。新型コロナウィルスの感染拡大から2020年度春学期はすべてオンライン授業であったが、秋学期は状況が許すなら、最低月一回の対面授業を実施したい。オンラインになっても、原則、授業内容は変えずに実施する予定である。　本演習では、主体的に授業に参加し、自らの意見を根拠をもって主張し、かつ意見交流をできる基礎を形成することを目的とする。
プレ学際領域演習 (岡山茂),フランスの政治と文学（1821－1922）,学際領域演習Ⅰへのイニシエーションです。よく文献を読んでおいてください。,,ゼミにおける授業のための準備として『ハムレットの大学』（岡山茂、新評論2014）を読みます。学期末に書評を提出してください。質問は随時受け付けます。
プレ学際領域演習 (荻野静男),　オペラ／バレエ／音楽劇研究の現在―文化史におけるその位置ならびに現代における上演,"　１）毎回授業の前に当該箇所を読むとともに、関連動画を視聴しておきます。",早稲田大学オペラ／音楽劇研究所：　https://opera-and-music-theatre.jimdofree.com/オペラエクスプレス：　https://twitter.com/operaexpress新国立劇場（東京）：　https://www.nntt.jac.go.jp/ウィーン国立歌劇場（オーストリア）：　https://www.wiener-staatsoper.at/パリ・オペラ座（フランス）：　https://www.operadeparis.fr/スカラ座（イタリア・ミラノ）：　http://www.teatroallascala.org/en/index.htmlロイヤル・オペラ・ハウス（ロンドン）：　https://www.roh.org.uk/メトロポリタン・オペラ（ニューヨーク）：　https://www.metopera.org/ベルリン国立歌劇場（ドイツ）：　https://www.staatsoper-berlin.de/de/マリインスキー歌劇場（ロシア・サンクトペテルブルク）：　https://www.mariinsky.ru/en/　,　オペラ／バレエ／音楽劇は従来日本においてあまり顧慮されてこなかった研究分野である。本演習ではこの分野に照明を当て、その多様で魅力的な姿を明らかにすることを目指します。オペラ／バレエ／音楽劇は文字通り音楽、演劇、舞踊の融合体ですから、当然のことながら音楽学、演劇学、舞踊学の方法によって考察することが可能です。しかし現代の研究においては、これら3つの学問分野のほかに、文学・社会学・メディア学・映画学・ジェンダー論・身体論、歴史学など様々な角度からのアプローチが試みられています。本演習においてもこうした多様な学術研究の成果を活用しながら、これらの舞台芸術を学際的に研究してゆくことにします。　また現代的観点からの考察のみに終始することなく、歴史的視点からかかる3つのジャンルを把握することにも努めるようにしたい。本演習では古代ギリシアの悲劇や喜劇から議論を開始し、イタリアのルネサンス後期に貴族階級の間で発生したオペラ／バレエがその後現代までどのような発展や展開を見せたかについても、議論を深めたいと思います。またイタリアで生まれたオペラ文化が世界各地にいかに伝播してゆき、ひいては南北アメリカ大陸やオセアニア、さらには日本を含むアジア圏にまで到達した過程を詳細に観察してみます。現代の日本ではヨーロッパ起源のオペラ／バレエ／音楽劇の分野において、日本独自の要素を加味した新しい音楽劇が創作されています。受講者はこうした点にも関心を払うようにしてください。　授業では研究文献を読みながら、実際の舞台パフォーマンスの映像やオペラ映画なども参考にします。また台本や楽譜等も活用しながら学習を深めてゆきます。受講者は毎回議論のたたき台として順番に発表を行います。それをもとに参加者間での討論を行う形式で、授業を進めてゆくことにします。
プレ学際領域演習 (本野英一),合宿形式で行う専門演習への導入部,　出席者は事前にテキストの内容について事前に疑問点をまとめたノートを作成し、合宿に臨んでいただく。合宿ではそのコピーを出席者相互で交換閲読し、互いに疑問点をまとめながら、テキストの内容についての理解だけでなく、さらなる研究課題を見つけ出す作業を行う。最終的には、各自がこれから自分で何を勉強したいのかというテーマを見つけ出す第一歩としていただく。,,あらかじめ指定されたテキストを読み、各人が読書ノートを作成し、合宿に際して出席者全員相互に交換してこれにもとづいて討論を行う。今回は、全世界から反発と不信を呼び起こしながら、一向意に解さな横暴な拡張政策を続ける中国の行動原理と、これを世界がどのように見ているのかを歴史的に考察することの意義を学ぶ
プレ学際領域演習 (岡本暁子),行動生態学への案内,指定された行動生態学のテキストを読み、内容のまとめを作成する。,授業実施方法については適宜連絡する。,学際領域演習で行動生態学を学ぶ準備として、行動生態学についての入門的なテキストを読む。
プレ学際領域演習 (マルティ・オロバル　ベルナット),宗教思想史（西洋・日本の宗教事情を中心に）,,,このゼミでは思想史学・宗教社会学という視座より、西洋・日本における宗教史に対する理解を深め、宗教と社会、宗教と政治、宗教と道徳との関係について考えていきたい。「近代化と宗教」という問題、つまり近代化がもたらした様々な変化が宗教にどのような影響を与えたかを分析・理解するのがゼミの最終目標となる。先ず、近代は信教の自由と共に世俗化が進んだ時代であるといえる。その中で、科学の進歩と共に、新たな思想伝統が誕生し、宗教の意義を否定する思潮が台頭した。中には、近代化に適応し、宗教と科学を融合させようとした、宗教の内面化（最近の用語を使用すれば「マインドフルネス化」）を試みようとした宗教家も存在する。しかし、その一方で、宗教界において近代化・新たな思潮に反発した原理主義も誕生し、宗教アイデンティティ問題、宗教と国家主義との深い関係も見られる。この二つの要素、「近代」及び「宗教」の複雑な関係についてゼミ生と一緒に考えていきたい。
学際領域演習 I (岡山茂),フランスの政治と文学（1821-1922）,取り上げられたテキストを読んでみる。自ら読むべきテキストを探す。,テキストは翻訳を用います。,ボードレールとフロベールが生まれた1821年から、プルーストが亡くなる1922年までのほぼ1世紀における、文学者（詩人、作家、知識人）の政治参加と文学の関係について考えます。この時代のフランスの文学者たちの政治参加について知ることは、21世紀前半の日本に生きるわれわれにも迂遠なことではありません。またこの時期はフランスの近代にとって決定的な時期でもあります。気になる文学者、あるいは時代のトピック（二月革命、ドレフュス事件、政教分離法、第一次世界大戦など）を選んで、自ら調べ、ゼミ論文へとつなげてください。授業ではそのイニシエーションとして、①フロベール、ボードレールと二月革命、②ランボー、ヴェルレーヌとパリ・コミューヌ、③ゾラ、マラルメと第三共和政、④ペギー、プルーストと第一次世界大戦、などについて話します。政治と文学のあいだで、それらを結ぶと同時に切り離しているものとして、「大学」を想定することができます。大学は13世紀初めにヨーロッパで生まれました。パリ大学は世界でもっとも古い大学の一つですが、大革命のときにすべての大学とともに廃止されました。その後に19世紀においてその空白を埋めるものとなったのが文学です。文学は19世紀のなか頃までに、フロベールやボードレールの努力によって、政治をも相対化しうる自律した空間となりました。このゼミではこのような視点から「大学／文学」という概念についても考えます。
学際領域演習 I (荻野静男),　オペラ／音楽劇／舞踊研究の現在―文化史におけるオペラ／音楽劇／舞踊の位置ならびに現代におけるその上演,"　a. 事前に教科書の該当箇所や参考文献を読みながら、各自Youtubeなどで舞台映像等を視聴しておく。所用時間は２時間程度と推測される。",以下、参考までに研究関連のURLおよび世界の主要劇場のHPをあげておきます。これ以外にもオペラ／バレエ／音楽劇関係のサイトは多数ありますので、各自積極的にインターネットや雑誌等で調べてください。早稲田大学オペラ／音楽劇研究所：　https://opera-and-music-theatre.jimdofree.com/オペラエクスプレス：　https://twitter.com/operaexpress新国立劇場（東京）：　https://www.nntt.jac.go.jp/ウィーン国立歌劇場：　https://www.wiener-staatsoper.at/パリ・オペラ座：　https://www.operadeparis.fr/スカラ座（ミラノ）：　http://www.teatroallascala.org/en/index.htmlロイヤル・オペラ・ハウス（ロンドン）：　https://www.roh.org.uk/メトロポリタン・オペラ（ニューヨーク）：　https://www.metopera.org/ベルリン国立歌劇場：　https://www.staatsoper-berlin.de/de/,　オペラ／バレエ／音楽劇は昔から欧州で愛好されてきた芸術ジャンルです。わが国においても新国立劇場等のオペラ劇場の竣工以降、ヨーロッパと同様の上演・観劇環境が整いつつあります。オペラ／音楽劇への関心は年々高まり、今日ではテレビ・コマーシャルなどにもオペラのアリアが使用されるほどになりました。こうした状況を見ると、浅草オペラや宝塚歌劇なども通じて、わが国でもオペラが大衆的レベルにかなり浸透していることがわかります。　　本演習では比較的入手しやすい日本語文献を使用し、ディスカッションを行います。学術的価値があり、議論に値するしっかりした本を厳選します。これを輪読・議論することを通じ、オペラの歴史的把握を試みます。もって17～20世紀のヨーロッパ文化史を概観することができればと考えています。また授業の際には関連のオペラ／バレエ／音楽劇を適宜DVD、Blu-ray、Youtube等で視聴したり、該当する楽譜や台本も参考にしてその演出の歴史を概観するとともに、現代における上演について考察を試みます。さらに時間があれば現代におけるオペラ演出についても学ぶことになります。バレエ等の舞踊についても同様にその歴史ならびに現代における上演・振付の双方を考察対象とします。　　また能や歌舞伎などの伝統的音楽劇や、森鴎外・坪内逍遙作の日本語オペラ、さらには寺山修司の音楽劇についても可能な限りゼミにおいて言及します。こうした日本の音楽劇に関心のある学生も、本演習に積極的に参加してもらいたい。もちろん学期末レポートをこのテーマで書いても構いません。　なお可能であれば学期中に少なくとも一度は新国立劇場、東京文化会館、東京宝塚劇場、国立劇場、国立能楽堂、歌舞伎座などにゼミで出かけ、オペラやバレエ、オペレッタ、ミュージカル等の舞台を観劇できれば、と思っています。　
学際領域演習 I (ブロッソーシルヴィ),映画研究演習、映画学入門の演習,,,本セミナーは、映画の分析（映画研究、映画学）の入門講座である。映画はショーであり、楽しみをもたらすものだが、研究の対象ともなりうるものである。映画は、娯楽のために鑑賞することがほとんどである。映画鑑賞は、いわば「感覚の時」とも言え、感動、恐怖、喜び、悲しみ、不安、動揺などを体験する時間である。また映画は、ある話、テーマ、（フィクション上または実在の）人物を、（自然または人工的に作り上げられた）特有の空間において発見する機会であり、知られざる運命や状況、世界に出会う手段である。映画は、画像と同じく、世界の一つの表象である。したがって、映画鑑賞は、我々のいる世界、状況、社会について考える機会となる。映画が、常に世界の表象である、としたら、それをどのように読み解けばよいのだろう。またその表象をどのように描写し、理解し、解釈すればよいのだろう。映画の分析は、これらの質問（何が？どのように？なぜ？）に答えてくれる。映画を分析することで、より多くのことが理解でき、より多くの知識が得られ、より多くのことに関心が持てるようになる。本セミナーでは、ジャン＝リュック・ゴダールの映画を紹介し、研究する。具体的な例を用いて、映画分析を構成する要素について学ぶ。日本語字幕付きの複数の映画を鑑賞し、その一部について詳しく分析する。映画はかならず意味とメッセージを持ち、時にはイデオロギーをも持つ。映画は型にはまった考え方を見せることもあれば、逆に新たな考えや予想外のイメージを見せることもある。どのように、内容と形式の間の関係を見つけるか？映画内での、話、メッセージと美学の間の関係はどのようなものか？ある映画について、歴史的、社会学的、美学的に興味深い点はどこか？一部のイメージについて、興味深い点はどこか？そうしたイメージは、どのような技術と、どのような構成を用いて組織されているか？面白い部分、重要な部分、意味深い部分はなにか？こうした問題に注目する。本セミナーでは、ジャン＝リュック・ゴダールの映画を紹介し、研究する。具体的な例を用いて、映画分析を構成する要素について学ぶ。日本語字幕付きの複数の映画を鑑賞し、その一部について詳しく分析する。映画はかならず意味とメッセージを持ち、時にはイデオロギーをも持つ。映画は型にはまった考え方を見せることもあれば、逆に新たな考えや予想外のイメージを見せることもある。どのように、内容と形式の間の関係を見つけるか？映画内での、話、メッセージと美学の間の関係はどのようなものか？ある映画について、歴史的、社会学的、美学的に興味深い点はどこか？一部のイメージについて、興味深い点はどこか？そうしたイメージは、どのような技術と、どのような構成を用いて組織されているか？面白い部分、重要な部分、意味深い部分はなにか？こうした問題に注目する。
学際領域演習 I (本野英一),「長期の17世紀」以降の海洋秩序と日本,　事前準備の仕方については、第1回目のオリエンテーションの時に説明する。学生は毎回テキストの指定された部分について要約を作成し、そこから経済史は何を研究課題としているのかを考察する。,私が担当した経済史入門Aの単位取得者、その次が中国語圏（中国大陸、台湾、香港・澳門、シンガポール）留学経験者を優先的に採用する。それ以外の知識は、アジア経済史、経済学研究の授業で教えるので、授業中に紹介した文献以外の知識は、この二つの授業を並聴して学んでいただきたい。また、12月に行うプレ学際領域演習には必ず参加すること。,「長期の17世紀」以降、スエズ運河からアメリカ西海岸にいたる「海の道」を中心とする海洋秩序が如何にして形成され、これが「海洋大国」をめざす中国の膨張政策によっていかに動揺しているのか。さらに日本は、この歴史的状況の中でどのような役割を担うことを要請されているのかを扱う。
学際領域演習 I (岡本暁子),行動生態学と隣接諸科学I,指定されたテキストの予習復習をする。,授業実施方法については適宜連絡する。,ヒトを含む地球上の生き物は、何千万年何億年という時間をかけて変化し、まわりの環境に適応してきた。行動生態学は、生物の行動と生態の進化に関わるさまざまな問題を扱う分野である。本演習では、行動生態学の基本的な知見を習得し、特定の生物もしくはトピックについての研究をする準備をすすめる。
学際領域演習 I (マルティ・オロバル　ベルナット),宗教思想史（西洋・日本の宗教事情を中心に）,教科書は特になく、事前に、文献リスト、課題となる論文等を配布する。基本的には日本語で著された文献（学生の能力・ニーズに応じて外国語で書かれた著作も使用する）を読解、分析し、その内容について皆で自由に討論する。また、卒論を書きたい学生は自分自身で問いを立て、自分にとって最も面白い研究主題を絞り、卒業論文を完成させる。宗教に関するものであれば、研究テーマの選択は完全に自由である。卒業論文の執筆で使用する可能な言語は日本語、スペイン語、英語、フランス語またはカタルーニャ語である。,,"このゼミでは思想史学・宗教社会学という視座より、西洋・日本における宗教史に対する理解を深め、宗教と社会、宗教と政治、宗教と道徳との関係について考えていきたい。「近代化と宗教」という問題、つまり近代化がもたらした様々な変化が宗教にどのような影響を与えたかを分析・理解するのがゼミの最終目標となる。先ず、近代は信教の自由と共に世俗化が進んだ時代であるといえる。その中で、科学の進歩と共に、新たな思想伝統が誕生し、宗教の意義を否定する思潮が台頭した。中には、近代化に適応し、宗教と科学を融合させようとした、宗教の内面化（最近の用語を使用すれば「マインドフルネス化」）を試みようとした宗教家も存在する。しかし、その一方で、宗教界において近代化・新たな思潮に反発した原理主義も誕生し、宗教アイデンティティ問題、宗教と国家主義との深い関係も見られる。この二つの要素、「近代」及び「宗教」の複雑な関係についてゼミ生と一緒に考えていきたい。This seminar is dedicated to the study of the history of religion in the West and Japan from the perspective of the history of ideas and the sociology of religion. We will consider topics as the relationship between religion and society, religion and politics, and religion and morality.The final goal of the seminar is to analyze and understand the interrelation of modernization and religion, that is, how the changes produced by modernization have affected religion. It can be said that modernity, especially in the West, is an era when secularization has spread, along with religious freedom. Together with the progress of science, new traditions of thought were born, and new currents of though denying the significance of religion emerged. Some religious thinkers have tried to adapt to modernization and combine religion and science, or to interiorize (privatize)religion (as it can be seen in recent phenomena as the “mindfulness” trend). On the other hand, a completely different reaction to modernity in the religious world is fundamentalism, which denies modernization and all the new currents of thought. This ideological retreat, which is fundamentalism, is also intimately related to other questions, as religious identity problems and the relation between religion and nationalism. In sum, I would like to reflect upon the complex relationship between ""modernity"" and ""religion"" together with the seminar students."
